ecotype_size,npop,omega,gene_numebr
6,4,0.00010,1
9,5,0.00018,1
1,2,0.00404,1
5,3,0.00199,1
9,5,0.00009,1
5,3,0.00696,1
9,5,0.00003,1
6,4,0.00178,1
9,5,0.00073,1
9,5,0.00287,1
9,5,0.00001,1
9,5,0.00022,1
9,5,0.00003,1
9,5,0.00056,1
9,5,0.00023,1
9,5,0.00001,1
12,6,0.00058,1
5,3,0.00195,1
9,5,0.00041,1
6,4,0.00928,1
9,5,0.00077,1
9,5,0.00023,1
9,5,0.00002,1
6,4,0.00045,1
6,4,0.00748,1
5,3,0.00047,1
6,4,0.00831,1
5,3,0.00220,1
9,5,0.00009,1
9,5,0.01001,1
6,4,0.00101,1
6,4,0.00000,1
12,6,0.00004,1
9,5,0.00026,1
12,6,0.04927,1
5,3,0.00161,1
9,5,0.00003,1
6,4,0.00074,1
5,3,0.00381,1
6,4,0.00139,1
5,3,0.00370,1
6,4,0.00104,1
9,5,0.00000,1
9,5,0.00008,1
9,5,0.00001,1
9,5,0.00000,1
9,5,0.00003,1
6,4,0.00245,1
9,5,0.01740,1
5,3,0.00202,1
5,3,0.00421,1
6,4,0.00028,1
12,6,0.00133,1
5,3,0.00125,1
6,4,0.00024,1
5,3,0.00168,1
6,4,0.00336,1
6,4,0.00008,1
5,3,0.00302,1
13,7,0.08245,1
9,5,0.00147,1
6,4,0.00035,1
9,5,0.00249,1
6,4,0.00117,1
9,5,0.00013,1
6,4,0.00127,1
9,5,0.00006,1
12,6,0.06890,1
5,3,0.90617,1
6,4,0.00023,1
9,5,0.00052,1
9,5,0.00008,1
6,4,0.00105,1
5,3,0.00117,1
1,2,0.00111,1
9,5,0.00196,1
5,3,0.00246,1
9,5,0.00015,1
5,3,0.00224,1
5,3,0.00995,1
5,3,0.00131,1
9,5,0.00012,1
5,3,0.00208,1
6,4,0.00345,1
5,3,0.00125,1
9,5,0.00010,1
5,3,0.00199,1
9,5,0.00110,1
5,3,0.00160,1
5,3,0.00043,1
5,3,0.00044,1
6,4,0.00043,1
9,5,0.01592,1
5,3,0.00110,1
5,3,0.00186,1
9,5,0.00030,1
5,3,0.00152,1
9,5,0.00000,1
5,3,0.00587,1
6,4,0.00353,1
6,4,0.00071,1
5,3,0.00096,1
6,4,0.00743,1
5,3,0.00166,1
6,4,0.00008,1
5,3,0.00291,1
9,5,0.00012,1
6,4,0.00265,1
5,3,0.00193,1
6,4,0.00120,1
6,4,0.01675,1
5,3,0.00309,1
9,5,0.02610,1
6,4,0.00799,1
9,5,0.00087,1
9,5,0.00088,1
5,3,0.00444,1
5,3,0.00100,1
6,4,0.00030,1
5,3,0.00163,1
5,3,0.00095,1
5,3,0.00129,1
5,3,0.00230,1
5,3,0.00346,1
5,3,0.74320,1
9,5,0.00001,1
6,4,0.00134,1
6,4,0.00112,1
6,4,0.00036,1
5,3,0.00661,1
12,6,0.00007,1
6,4,0.00003,1
6,4,0.00043,1
5,3,0.00236,1
9,5,0.00097,1
6,4,0.00158,1
6,4,0.00138,1
9,5,0.00090,1
9,5,0.00004,1
6,4,0.00016,1
5,3,0.00365,1
9,5,0.00026,1
5,3,0.04444,1
5,3,0.00134,1
9,5,0.00004,1
6,4,0.00830,1
6,4,0.00090,1
5,3,0.00308,1
5,3,0.00309,1
5,3,0.00567,1
9,5,0.00028,1
9,5,0.00003,1
9,5,0.08473,1
9,5,0.00091,1
5,3,0.00138,1
9,5,0.00004,1
9,5,0.00003,1
6,4,0.00016,1
9,5,0.00095,1
9,5,0.00142,1
5,3,0.00073,1
9,5,0.00049,1
6,4,0.00024,1
6,4,0.00140,1
6,4,0.00125,1
9,5,0.00021,1
5,3,0.00054,1
6,4,0.00161,1
5,3,0.00202,1
9,5,0.00217,1
5,3,0.00199,1
5,3,0.09866,1
5,3,0.00057,1
6,4,0.00182,1
9,5,0.00004,1
5,3,0.00199,1
12,6,0.01835,1
5,3,0.10829,1
12,6,0.00010,1
6,4,0.00125,1
6,4,0.00111,1
5,3,0.00084,1
9,5,0.00011,1
9,5,0.00396,1
1,2,0.95969,1
6,4,0.00127,1
1,2,0.99534,1
6,4,0.00106,1
9,5,0.00027,1
6,4,0.00044,1
5,3,0.00027,1
9,5,0.00017,1
9,5,0.00010,1
5,3,0.00066,1
6,4,0.00005,1
6,4,0.00038,1
12,6,0.00073,1
6,4,0.00119,1
9,5,0.00108,1
9,5,0.00029,1
5,3,0.00405,1
6,4,0.00007,1
9,5,0.00000,1
5,3,0.03745,1
6,4,0.00006,1
5,3,0.00078,1
5,3,0.00179,1
6,4,0.01486,1
5,3,0.01672,1
9,5,0.00001,1
5,3,0.00314,1
6,4,0.00019,1
6,4,0.00083,1
5,3,0.00427,1
6,4,0.00048,1
9,5,0.00038,1
6,4,0.00038,1
9,5,0.00029,1
5,3,0.00466,1
6,4,0.01317,1
5,3,0.00322,1
9,5,0.00041,1
5,3,0.01334,1
9,5,0.00004,1
9,5,0.00209,1
5,3,1.10396,1
9,5,0.00261,1
9,5,0.00004,1
9,5,0.00001,1
5,3,0.00066,1
9,5,0.00005,1
9,5,0.01512,1
6,4,0.00008,1
5,3,0.00398,1
5,3,0.00262,1
5,3,0.00958,1
1,2,0.98356,1
5,3,0.02915,1
6,4,0.00023,1
5,3,0.00080,1
9,5,0.00028,1
9,5,0.00013,1
12,6,0.00002,1
9,5,0.00006,1
5,3,0.00492,1
6,4,0.00008,1
6,4,0.00230,1
12,6,0.00005,1
5,3,0.00386,1
6,4,0.00019,1
5,3,0.00041,1
6,4,0.00089,1
5,3,0.00937,1
6,4,0.00136,1
6,4,0.00064,1
9,5,0.00002,1
9,5,0.00004,1
9,5,0.00118,1
9,5,0.00085,1
6,4,0.00152,1
5,3,0.00443,1
9,5,0.00008,1
9,5,0.00007,1
6,4,0.00126,1
9,5,0.00212,1
5,3,0.00026,1
5,3,0.00405,1
5,3,0.00563,1
9,5,0.00106,1
6,4,0.00001,1
6,4,0.00093,1
9,5,0.00004,1
6,4,0.00047,1
6,4,0.00040,1
6,4,0.00057,1
6,4,0.00108,1
9,5,0.00006,1
5,3,0.00037,1
9,5,0.00030,1
9,5,0.00014,1
5,3,0.00302,1
6,4,0.00024,1
5,3,0.01273,1
5,3,0.00132,1
5,3,0.00194,1
12,6,0.00001,1
5,3,0.00198,1
9,5,0.00173,1
6,4,0.00033,1
1,2,0.00313,1
5,3,0.00569,1
9,5,0.00002,1
5,3,0.00232,1
6,4,0.00010,1
6,4,0.00051,1
9,5,0.00006,1
5,3,0.00434,1
6,4,0.00090,1
5,3,0.00194,1
9,5,0.00010,1
9,5,0.00028,1
9,5,0.00083,1
9,5,0.00038,1
5,3,0.00752,1
9,5,0.00056,1
6,4,0.01784,1
9,5,0.02239,1
5,3,0.00753,1
5,3,0.01011,1
6,4,0.00417,1
5,3,0.00527,1
9,5,0.00019,1
5,3,0.00171,1
9,5,0.00075,1
6,4,0.00051,1
5,3,0.00605,1
9,5,0.00006,1
9,5,0.00010,1
9,5,0.00013,1
9,5,0.00012,1
9,5,0.00015,1
9,5,0.00206,1
9,5,0.02676,1
9,5,0.00008,1
9,5,0.00890,1
9,5,0.00981,1
9,5,0.00053,1
6,4,0.00067,1
6,4,0.00099,1
6,4,0.00177,1
5,3,0.00106,1
9,5,0.00026,1
12,6,0.00003,1
9,5,0.00013,1
6,4,0.00087,1
9,5,0.00023,1
9,5,0.00008,1
9,5,0.00084,1
9,5,0.00003,1
5,3,0.00104,1
5,3,0.00317,1
9,5,0.00062,1
6,4,0.00061,1
5,3,0.00556,1
1,2,0.00508,1
6,4,0.00160,1
9,5,0.00049,1
9,5,0.00013,1
9,5,0.00319,1
6,4,0.00005,1
9,5,0.00028,1
6,4,0.00036,1
6,4,0.00019,1
9,5,0.00000,1
6,4,0.00961,1
9,5,0.00251,1
5,3,0.00258,1
5,3,0.00206,1
5,3,0.00333,1
9,5,0.00000,1
9,5,0.00013,1
5,3,0.00311,1
6,4,0.00032,1
9,5,0.00239,1
9,5,0.00015,1
5,3,0.00083,1
5,3,0.00097,1
6,4,0.00121,1
6,4,0.00122,1
12,6,0.00004,1
6,4,0.00026,1
9,5,0.00006,1
5,3,0.00230,1
5,3,0.00182,1
5,3,0.01571,1
5,3,0.00186,1
5,3,0.00096,1
9,5,0.00003,1
9,5,0.00081,1
5,3,0.00160,1
6,4,0.00062,1
5,3,0.00521,1
5,3,0.00070,1
5,3,0.00791,1
9,5,0.00014,1
5,3,0.00089,1
5,3,0.00233,1
6,4,0.00133,1
9,5,0.00139,1
9,5,0.01129,1
5,3,0.22575,1
5,3,0.00498,1
6,4,0.00048,1
9,5,0.00061,1
5,3,0.00680,1
6,4,0.00057,1
12,6,0.00014,1
9,5,0.00014,1
9,5,0.00008,1
5,3,0.00249,1
5,3,0.00273,1
9,5,0.00296,1
9,5,0.00002,1
9,5,0.00088,1
6,4,0.00159,1
5,3,0.00038,1
5,3,0.00325,1
5,3,0.00149,1
5,3,0.00088,1
9,5,0.00700,1
5,3,0.00036,1
6,4,0.00033,1
6,4,0.00032,1
9,5,0.00014,1
5,3,0.00173,1
12,6,0.00064,1
6,4,0.00839,1
5,3,0.00148,1
9,5,0.00007,1
9,5,0.00006,1
9,5,0.00009,1
9,5,0.00152,1
9,5,0.00004,1
5,3,0.00345,1
9,5,0.00004,1
9,5,0.00425,1
5,3,0.01371,1
9,5,0.00073,1
5,3,0.00273,1
6,4,0.00016,1
9,5,0.00082,1
5,3,0.00406,1
5,3,0.09982,1
5,3,0.00041,1
9,5,0.02207,1
6,4,0.00022,1
9,5,0.00024,1
9,5,0.00058,1
5,3,0.00524,1
6,4,0.00626,1
5,3,0.00228,1
6,4,0.00034,1
6,4,0.00062,1
1,2,0.97657,1
5,3,0.00041,1
5,3,0.00280,1
1,2,0.00478,1
5,3,0.00117,1
5,3,0.00240,1
5,3,0.00214,1
9,5,0.00000,1
1,2,0.00124,1
6,4,0.00163,1
5,3,0.00152,1
5,3,0.94388,1
6,4,0.00081,1
9,5,0.00056,1
1,2,0.00209,1
6,4,0.00395,1
5,3,0.00127,1
5,3,0.00061,1
6,4,0.00036,1
5,3,0.00168,1
9,5,0.00068,1
6,4,0.00001,1
6,4,0.00431,1
9,5,0.00099,1
6,4,0.00121,1
9,5,0.00002,1
6,4,0.00099,1
9,5,0.00061,1
9,5,0.00006,1
5,3,0.00350,1
5,3,0.00885,1
6,4,0.00018,1
6,4,0.00029,1
5,3,0.00480,1
9,5,0.00006,1
9,5,0.00000,1
6,4,0.01360,1
5,3,0.00162,1
9,5,0.00005,1
5,3,0.00032,1
9,5,0.00539,1
9,5,0.01006,1
5,3,0.00366,1
6,4,0.00017,1
6,4,0.00040,1
6,4,0.00216,1
6,4,0.00123,1
9,5,0.00001,1
6,4,0.00113,1
5,3,0.00039,1
6,4,0.00133,1
6,4,0.00329,1
5,3,0.00607,1
9,5,0.00065,1
9,5,0.00120,1
6,4,0.00093,1
5,3,0.00123,1
5,3,0.00179,3
5,3,0.00073,3
5,3,0.00195,3
5,3,0.00054,3
5,3,0.00177,3
5,3,0.00227,3
5,3,0.00220,3
5,3,0.00036,3
1,2,0.00177,3
5,3,0.00070,3
5,3,0.00065,3
5,3,0.00036,3
5,3,0.00166,3
5,3,0.00305,3
5,3,0.00112,3
5,3,0.00043,3
5,3,0.00204,3
5,3,0.00111,3
9,5,0.01885,3
5,3,0.00194,3
5,3,0.00064,3
5,3,0.00046,3
5,3,0.00031,3
5,3,0.01548,3
5,3,0.00194,3
5,3,0.00172,3
5,3,0.00027,3
5,3,0.00103,3
5,3,0.00127,3
5,3,0.00187,3
5,3,0.00075,3
5,3,0.00164,3
5,3,0.00140,3
5,3,0.00119,3
5,3,0.00028,3
5,3,0.00043,3
5,3,0.00158,3
5,3,0.00163,3
5,3,0.00069,3
5,3,0.00072,3
5,3,0.00025,3
5,3,0.00182,3
5,3,0.00193,3
5,3,0.00064,3
5,3,0.00152,3
5,3,0.00199,3
5,3,0.00118,3
5,3,0.00211,3
5,3,0.00050,3
5,3,0.00091,3
5,3,0.00072,3
5,3,0.00136,3
5,3,0.00108,3
5,3,0.00213,3
5,3,0.00129,3
5,3,0.00038,3
5,3,0.00170,3
1,2,0.00239,3
5,3,0.00422,3
1,2,0.00264,3
5,3,0.00079,3
5,3,0.00033,3
5,3,0.00215,3
5,3,0.00076,3
5,3,0.00139,3
5,3,0.00224,3
5,3,0.00106,3
5,3,0.00150,3
5,3,0.00146,3
5,3,0.00217,3
5,3,0.00192,3
1,2,0.00159,3
5,3,0.00073,3
5,3,0.00034,3
1,2,0.00145,3
5,3,0.00123,3
5,3,0.00111,3
5,3,0.00173,3
5,3,0.00086,3
5,3,0.00060,3
5,3,0.00047,3
1,2,0.00056,3
5,3,0.00166,3
5,3,0.00159,3
5,3,0.00059,3
5,3,0.00282,3
5,3,0.00064,3
5,3,0.00049,3
1,2,0.00177,3
5,3,0.00095,3
1,2,0.00338,3
5,3,0.00061,3
5,3,0.00122,3
5,3,0.00065,3
5,3,0.00038,3
5,3,0.00080,3
1,2,0.00455,3
5,3,0.00043,3
5,3,0.00243,3
5,3,0.00077,3
5,3,0.00005,3
1,2,0.00284,3
5,3,0.00050,3
5,3,0.00061,3
5,3,0.00042,3
5,3,0.00097,3
1,2,0.00220,3
5,3,0.00081,3
5,3,0.00037,3
5,3,0.00155,3
5,3,0.00232,3
5,3,0.00138,3
5,3,0.00139,3
5,3,0.00203,3
5,3,0.00023,3
5,3,0.00046,3
5,3,0.00101,3
5,3,0.00178,3
6,4,0.00001,3
5,3,0.00069,3
5,3,0.00046,3
5,3,0.00093,3
5,3,0.00065,3
5,3,0.00125,3
1,2,0.00267,3
5,3,0.00084,3
5,3,0.00097,3
5,3,0.00163,3
5,3,0.00100,3
5,3,0.00070,3
5,3,0.00245,3
5,3,0.00237,3
5,3,0.00104,3
5,3,0.00121,3
5,3,0.00095,3
5,3,0.00043,3
6,4,0.00010,3
5,3,0.00086,3
1,2,0.00282,3
5,3,0.00020,3
1,2,0.00189,3
5,3,0.00062,3
5,3,0.00331,3
5,3,0.00210,3
5,3,0.00063,3
5,3,0.00136,3
5,3,0.00158,3
5,3,0.00139,3
5,3,0.00125,3
5,3,0.00127,3
5,3,0.00137,3
5,3,0.00042,3
5,3,0.00045,3
5,3,0.00041,3
1,2,0.00222,3
5,3,0.00165,3
1,2,0.00048,3
5,3,0.00111,3
5,3,0.00037,3
9,5,0.00039,3
5,3,0.00175,3
5,3,0.00169,3
5,3,0.00258,3
5,3,0.00121,3
5,3,0.00307,3
5,3,0.00175,3
5,3,0.00074,3
5,3,0.00217,3
5,3,0.00553,3
5,3,0.00084,3
1,2,0.00252,3
5,3,0.00127,3
5,3,0.00026,3
5,3,0.00061,3
5,3,0.00342,3
5,3,0.00147,3
1,2,0.00196,3
5,3,0.00014,3
5,3,0.00139,3
5,3,0.00068,3
5,3,0.00121,3
5,3,0.00057,3
5,3,0.00058,3
5,3,0.00117,3
5,3,0.00123,3
5,3,0.00188,3
1,2,0.00316,3
5,3,0.00147,3
1,2,0.00253,3
5,3,0.00113,3
5,3,0.00265,3
5,3,0.00112,3
5,3,0.00038,3
5,3,0.00055,3
9,5,0.00062,3
1,2,0.00273,3
5,3,0.00105,3
5,3,0.00050,3
5,3,0.00145,3
5,3,0.00093,3
5,3,0.00066,3
5,3,0.00077,3
5,3,0.00070,3
5,3,0.00160,3
5,3,0.00121,3
5,3,0.00070,3
5,3,0.00200,3
5,3,0.00053,3
5,3,0.00104,3
5,3,0.00113,3
1,2,0.00247,3
1,2,0.00276,3
5,3,0.00044,3
5,3,0.00073,3
5,3,0.00161,3
1,2,0.00147,3
5,3,0.00066,3
5,3,0.00122,3
1,2,0.00179,3
5,3,0.00108,3
5,3,0.00165,3
5,3,0.00124,3
5,3,0.00278,3
1,2,0.00284,3
5,3,0.00155,3
5,3,0.00070,3
5,3,0.00086,3
5,3,0.00118,3
5,3,0.00094,3
5,3,0.00214,3
5,3,0.00071,3
5,3,0.00116,3
5,3,0.00190,3
5,3,0.00062,3
5,3,0.00064,3
5,3,0.00210,3
5,3,0.00090,3
1,2,0.00225,3
5,3,0.00099,3
9,5,0.00043,3
5,3,0.00104,3
5,3,0.00087,3
5,3,0.00206,3
5,3,0.00043,3
5,3,0.00129,3
5,3,0.00284,3
5,3,0.00270,3
5,3,0.00113,3
5,3,0.00102,3
5,3,0.00106,3
5,3,0.00030,3
5,3,0.00113,3
5,3,0.00218,3
5,3,0.00135,3
5,3,0.00129,3
5,3,0.00167,3
5,3,0.00062,3
5,3,0.00122,3
5,3,0.00205,3
5,3,0.00092,3
5,3,0.00100,3
5,3,0.00184,3
5,3,0.00079,3
5,3,0.00031,3
5,3,0.00099,3
6,4,0.00000,3
5,3,0.00061,3
5,3,0.00132,3
5,3,0.00059,3
5,3,0.00055,3
5,3,0.00038,3
5,3,0.00182,3
5,3,0.00147,3
5,3,0.00146,3
5,3,0.00132,3
5,3,0.00107,3
5,3,0.00273,3
5,3,0.00199,3
5,3,0.00138,3
9,5,0.00000,3
5,3,0.00103,3
5,3,0.00149,3
5,3,0.00184,3
6,4,0.00043,3
5,3,0.00190,3
5,3,0.00111,3
1,2,0.00324,3
5,3,0.00173,3
5,3,0.00033,3
5,3,0.00191,3
5,3,0.00076,3
5,3,0.00031,3
5,3,0.00129,3
5,3,0.00134,3
1,2,0.00298,3
5,3,0.00101,3
5,3,0.00141,3
5,3,0.00032,3
5,3,0.00130,3
5,3,0.00081,3
5,3,0.00112,3
5,3,0.00037,3
5,3,0.00017,3
5,3,0.00117,3
5,3,0.00089,3
5,3,0.00218,3
5,3,0.00039,3
5,3,0.00049,3
5,3,0.00122,3
5,3,0.00186,3
5,3,0.00383,3
5,3,0.00203,3
5,3,0.00056,3
5,3,0.00045,3
5,3,0.00066,3
5,3,0.00126,3
5,3,0.00084,3
5,3,0.00041,3
5,3,0.00057,3
5,3,0.00147,3
5,3,0.00025,3
5,3,0.00020,3
5,3,0.00237,3
5,3,0.00175,3
5,3,0.00053,3
5,3,0.00029,3
5,3,0.00068,3
5,3,0.00089,3
5,3,0.00324,3
5,3,0.00054,3
5,3,0.00056,3
5,3,0.00038,3
5,3,0.00103,3
5,3,0.00073,3
5,3,0.00077,3
1,2,0.00387,3
1,2,0.00360,3
1,2,0.00269,3
5,3,0.00072,3
5,3,0.00087,3
5,3,0.00117,3
5,3,0.00182,3
5,3,0.00036,3
5,3,0.00278,3
5,3,0.00062,3
5,3,0.00088,3
1,2,0.00241,3
5,3,0.00046,3
6,4,0.00116,3
5,3,0.00069,3
5,3,0.00088,3
5,3,0.00114,3
5,3,0.00238,3
5,3,0.00054,3
5,3,0.00045,3
5,3,0.00235,3
5,3,0.00105,3
5,3,0.00038,3
1,2,0.00286,3
5,3,0.00171,3
5,3,0.00078,3
5,3,0.00196,3
5,3,0.00158,3
5,3,0.00062,3
5,3,0.00122,3
1,2,0.00222,3
5,3,0.00171,3
5,3,0.00335,3
5,3,0.00167,3
5,3,0.00076,3
5,3,0.00068,3
5,3,0.00117,3
5,3,0.00305,3
5,3,0.00064,3
5,3,0.00078,3
5,3,0.00207,3
5,3,0.00175,3
5,3,0.00059,3
5,3,0.00154,3
5,3,0.00314,3
5,3,0.00049,3
5,3,0.00262,3
5,3,0.00250,3
5,3,0.00102,3
5,3,0.00040,3
5,3,0.00099,3
5,3,0.00270,3
5,3,0.00035,3
5,3,0.00229,3
5,3,0.00075,3
5,3,0.00149,3
5,3,0.00142,3
9,5,0.00046,3
1,2,0.00280,3
5,3,0.00024,3
5,3,0.00115,3
5,3,0.00113,3
5,3,0.00094,3
1,2,0.00288,3
5,3,0.00092,3
1,2,0.00226,3
5,3,0.00114,3
5,3,0.00070,3
5,3,0.00269,3
5,3,0.00238,3
5,3,0.00165,3
5,3,0.00099,3
5,3,0.00029,3
5,3,0.00053,3
5,3,0.00052,3
5,3,0.00015,3
5,3,0.00163,3
5,3,0.00514,3
5,3,0.00144,3
5,3,0.00138,3
5,3,0.00128,3
5,3,0.00078,3
5,3,0.00131,3
5,3,0.00142,3
5,3,0.00231,3
5,3,0.00296,3
5,3,0.00072,3
5,3,0.00191,3
5,3,0.00317,3
1,2,0.00117,3
5,3,0.00054,3
5,3,0.00081,3
5,3,0.00163,3
5,3,0.00026,3
5,3,0.00045,3
1,2,0.00094,3
5,3,0.00124,3
5,3,0.00114,3
1,2,0.00234,3
5,3,0.00045,3
5,3,0.00043,3
5,3,0.00053,3
5,3,0.00142,3
5,3,0.00060,3
5,3,0.00169,3
1,2,0.00221,3
5,3,0.00067,3
5,3,0.00228,3
5,3,0.00041,3
1,2,0.01286,3
5,3,0.00114,3
6,4,0.00700,3
5,3,0.00199,3
5,3,0.00100,3
5,3,0.00194,3
5,3,0.00291,3
1,2,0.00160,3
5,3,0.00046,3
5,3,0.00146,3
5,3,0.00048,3
5,3,0.00262,3
5,3,0.00031,3
5,3,0.00030,3
1,2,0.00105,3
5,3,0.00111,3
5,3,0.00186,3
5,3,0.00188,3
5,3,0.00266,3
5,3,0.00153,3
5,3,0.00066,3
5,3,0.00023,3
5,3,0.00077,3
5,3,0.00192,3
5,3,0.00153,3
1,2,0.00206,3
5,3,0.00074,3
5,3,0.00035,3
5,3,0.00234,3
5,3,0.00085,3
5,3,0.00242,3
1,2,0.00246,3
5,3,0.00100,3
5,3,0.00184,3
5,3,0.00085,3
5,3,0.00046,3
5,3,0.00222,3
5,3,0.00181,3
5,3,0.00069,3
9,5,0.00000,3
5,3,0.00438,3
5,3,0.00147,3
5,3,0.00116,3
5,3,0.00039,3
5,3,0.00196,3
1,2,0.00151,3
5,3,0.00286,3
5,3,0.00226,3
5,3,0.00079,3
5,3,0.00064,3
5,3,0.00172,3
1,2,0.00166,3
1,2,0.00391,3
5,3,0.00077,3
5,3,0.00137,3
5,3,0.00034,3
5,3,0.00206,7
6,4,0.00096,7
5,3,0.00061,7
9,5,0.00000,7
5,3,0.00083,7
6,4,0.00099,7
6,4,0.00024,7
9,5,0.00036,7
6,4,0.00031,7
9,5,0.00000,7
5,3,0.00081,7
9,5,0.00000,7
9,5,0.00000,7
9,5,0.00000,7
5,3,0.00066,7
5,3,0.00151,7
6,4,0.00628,7
5,3,0.00042,7
5,3,0.00447,7
5,3,0.00079,7
6,4,0.00035,7
6,4,0.00025,7
5,3,0.00067,7
6,4,0.00812,7
5,3,0.00072,7
6,4,0.00550,7
5,3,0.00260,7
9,5,0.00000,7
6,4,0.00613,7
9,5,0.00000,7
6,4,0.02189,7
5,3,0.00059,7
9,5,0.00000,7
12,6,0.00028,7
1,2,0.00143,7
9,5,0.00079,7
6,4,0.00075,7
5,3,0.00096,7
6,4,0.00035,7
5,3,0.00033,7
5,3,0.00028,7
6,4,0.00707,7
5,3,0.00019,7
5,3,0.00048,7
5,3,0.00101,7
6,4,0.00073,7
6,4,0.00572,7
5,3,0.00013,7
9,5,0.00000,7
6,4,0.00111,7
5,3,0.00029,7
9,5,0.00000,7
12,6,0.00000,7
6,4,0.00023,7
6,4,0.00602,7
5,3,0.00089,7
5,3,0.00058,7
5,3,0.00455,7
6,4,0.00534,7
5,3,0.00021,7
9,5,0.00000,7
5,3,0.00248,7
6,4,0.00110,7
6,4,0.00036,7
9,5,0.00000,7
6,4,0.00754,7
9,5,0.00000,7
5,3,0.00021,7
9,5,0.00019,7
6,4,0.00015,7
5,3,0.00020,7
5,3,0.00422,7
9,5,0.00035,7
6,4,0.00195,7
9,5,0.00000,7
5,3,0.00077,7
6,4,0.00024,7
5,3,0.00020,7
6,4,0.00090,7
9,5,0.00000,7
6,4,0.00691,7
5,3,0.00113,7
6,4,0.00740,7
14,9,0.01411,7
6,4,0.00035,7
6,4,0.00551,7
9,5,0.00000,7
9,5,0.00000,7
5,3,0.00058,7
12,6,0.00000,7
9,5,0.00000,7
6,4,0.00557,7
6,4,0.00496,7
9,5,0.00015,7
6,4,0.00021,7
6,4,0.03181,7
5,3,0.00071,7
5,3,0.00019,7
9,5,0.00000,7
1,2,0.00139,7
6,4,0.00572,7
6,4,0.00095,7
5,3,0.00156,7
5,3,0.00064,7
6,4,0.00634,7
9,5,0.00000,7
5,3,0.00075,7
6,4,0.00000,7
6,4,0.00078,7
9,5,0.00000,7
5,3,0.00019,7
6,4,0.00088,7
5,3,0.00064,7
5,3,0.00392,7
5,3,0.00054,7
6,4,0.00028,7
5,3,0.00074,7
6,4,0.00034,7
9,5,0.00095,7
5,3,0.00022,7
5,3,0.00052,7
5,3,0.00029,7
6,4,0.00979,7
5,3,0.00108,7
6,4,0.00089,7
5,3,0.00095,7
5,3,0.00092,7
1,2,0.00014,7
6,4,0.00087,7
6,4,0.00000,7
5,3,0.00022,7
5,3,0.00074,7
5,3,0.00029,7
5,3,0.00451,7
5,3,0.00053,7
5,3,0.00078,7
5,3,0.00082,7
5,3,0.00043,7
9,5,0.00027,7
9,5,0.00000,7
9,5,0.00000,7
6,4,0.00075,7
6,4,0.00576,7
6,4,0.00027,7
6,4,0.00553,7
9,5,0.00000,7
5,3,0.00184,7
9,5,0.00000,7
12,6,0.00000,7
5,3,0.00042,7
5,3,0.00065,7
9,5,0.00000,7
6,4,0.00023,7
5,3,0.00246,7
6,4,0.00088,7
9,5,0.00086,7
6,4,0.00035,7
6,4,0.00021,7
9,5,0.00000,7
6,4,0.00028,7
5,3,0.00297,7
5,3,0.00230,7
5,3,0.00539,7
6,4,0.00026,7
5,3,0.00063,7
6,4,0.00567,7
9,5,0.00097,7
5,3,0.00067,7
5,3,0.00058,7
6,4,0.00580,7
5,3,0.00025,7
5,3,0.00012,7
9,5,0.00000,7
9,5,0.01363,7
5,3,0.00416,7
5,3,0.00029,7
5,3,0.00071,7
5,3,0.00069,7
6,4,0.00040,7
5,3,0.00070,7
9,5,0.00088,7
6,4,0.00091,7
9,5,0.00000,7
9,5,0.00081,7
9,5,0.00000,7
5,3,0.00250,7
5,3,0.00021,7
6,4,0.00094,7
5,3,0.00013,7
6,4,0.00083,7
5,3,0.00084,7
6,4,0.00000,7
6,4,0.00017,7
5,3,0.00030,7
9,5,0.00037,7
6,4,0.00054,7
6,4,0.00095,7
9,5,0.00000,7
5,3,0.00081,7
6,4,0.00088,7
9,5,0.00000,7
9,5,0.00100,7
5,3,0.00092,7
6,4,0.00661,7
5,3,0.00107,7
6,4,0.00026,7
6,4,0.00048,7
5,3,0.00027,7
5,3,0.00072,7
6,4,0.00041,7
5,3,0.00060,7
5,3,0.00327,7
5,3,0.00047,7
6,4,0.00642,7
6,4,0.00571,7
6,4,0.00040,7
9,5,0.00000,7
9,5,0.00082,7
6,4,0.00035,7
9,5,0.00000,7
6,4,0.00000,7
5,3,0.00086,7
5,3,0.00035,7
5,3,0.00053,7
9,5,0.00035,7
6,4,0.00484,7
9,5,0.00033,7
6,4,0.00098,7
6,4,0.00097,7
5,3,0.00045,7
6,4,0.00085,7
6,4,0.00550,7
5,3,0.00070,7
5,3,0.00336,7
6,4,0.00027,7
9,5,0.00000,7
5,3,0.00025,7
5,3,0.00071,7
9,5,0.00000,7
5,3,0.00087,7
5,3,0.00078,7
5,3,0.00052,7
6,4,0.00037,7
5,3,0.00037,7
9,5,0.01060,7
9,5,0.00000,7
9,5,0.00000,7
6,4,0.00084,7
9,5,0.00000,7
9,5,0.00035,7
5,3,0.00083,7
5,3,0.00050,7
6,4,0.00079,7
5,3,0.00078,7
6,4,0.00697,7
12,6,0.00000,7
6,4,0.00575,7
6,4,0.05232,7
5,3,0.00052,7
5,3,0.00400,7
6,4,0.00029,7
9,5,0.00000,7
5,3,0.00019,7
6,4,0.00153,7
12,6,0.00000,7
5,3,0.00112,7
5,3,0.00045,7
5,3,0.00058,7
9,5,0.00000,7
5,3,0.00022,7
6,4,0.00000,7
5,3,0.00039,7
6,4,0.00008,7
9,5,0.00000,7
6,4,0.00819,7
9,5,0.00000,7
6,4,0.00091,7
6,4,0.00030,7
6,4,0.02327,7
9,5,0.00000,7
5,3,0.00095,7
9,5,0.00039,7
5,3,0.00048,7
5,3,0.00030,7
6,4,0.00025,7
5,3,0.00029,7
9,5,0.00018,7
6,4,0.00105,7
5,3,0.00029,7
5,3,0.00076,7
6,4,0.00077,7
5,3,0.00023,7
6,4,0.00025,7
5,3,0.00070,7
6,4,0.00028,7
9,5,0.00000,7
6,4,0.00020,7
5,3,0.00042,7
9,5,0.00000,7
6,4,0.00094,7
6,4,0.00812,7
5,3,0.00025,7
6,4,0.00029,7
5,3,0.00248,7
9,5,0.00012,7
6,4,0.00657,7
6,4,0.00105,7
5,3,0.00039,7
5,3,0.00101,7
5,3,0.00046,7
6,4,0.00607,7
9,5,0.00091,7
6,4,0.00000,7
5,3,0.00032,7
6,4,0.00040,7
5,3,0.00238,7
5,3,0.00094,7
6,4,0.00814,7
6,4,0.00035,7
5,3,0.00040,7
9,5,0.00000,7
6,4,0.00095,7
6,4,0.00105,7
5,3,0.00069,7
6,4,0.00027,7
6,4,0.00038,7
9,5,0.00000,7
5,3,0.00033,7
5,3,0.00039,7
6,4,0.00676,7
6,4,0.00096,7
6,4,0.00031,7
5,3,0.00030,7
5,3,0.00399,7
6,4,0.00026,7
6,4,0.00033,7
5,3,0.00449,7
5,3,0.00045,7
5,3,0.00063,7
6,4,0.00032,7
5,3,0.00070,7
5,3,0.00056,7
6,4,0.00740,7
5,3,0.00029,7
9,5,0.00000,7
6,4,0.00035,7
6,4,0.00023,7
5,3,0.00044,7
6,4,0.00042,7
6,4,0.00047,7
6,4,0.00074,7
5,3,0.00074,7
5,3,0.00069,7
5,3,0.00083,7
6,4,0.00001,7
6,4,0.00029,7
5,3,0.00187,7
5,3,0.00053,7
9,5,0.00000,7
9,5,0.00000,7
9,5,0.00000,7
5,3,0.00015,7
5,3,0.00069,7
6,4,0.00048,7
5,3,0.00028,7
1,2,0.00164,7
6,4,0.00000,7
12,6,0.00316,7
6,4,0.00456,7
6,4,0.00094,7
5,3,0.00089,7
1,2,0.00044,7
6,4,0.00049,7
9,5,0.00000,7
9,5,0.00000,7
5,3,0.00210,7
9,5,0.00000,7
5,3,0.00018,7
6,4,0.00089,7
5,3,0.00253,7
5,3,0.00069,7
9,5,0.00000,7
5,3,0.00246,7
5,3,0.00054,7
6,4,0.00074,7
6,4,0.00026,7
5,3,0.00383,7
5,3,0.00020,7
5,3,0.00078,7
6,4,0.00117,7
9,5,0.00022,7
5,3,0.00100,7
6,4,0.00598,7
6,4,0.00071,7
6,4,0.05545,7
6,4,0.00077,7
5,3,0.00067,7
5,3,0.00113,7
5,3,0.00046,7
5,3,0.00051,7
6,4,0.00640,7
6,4,0.00860,7
6,4,0.00636,7
6,4,0.00039,7
5,3,0.00119,7
6,4,0.05934,7
6,4,0.00732,7
6,4,0.00036,7
6,4,0.00093,7
6,4,0.00094,7
5,3,0.00029,7
12,6,0.00000,7
6,4,0.01800,7
5,3,0.00040,7
9,5,0.00000,7
9,5,0.00000,7
5,3,0.00019,7
6,4,0.00081,7
1,2,0.00128,7
9,5,0.00000,7
6,4,0.00017,7
6,4,0.00519,7
5,3,0.00053,7
6,4,0.00093,7
6,4,0.00573,7
5,3,0.00102,7
5,3,0.00275,7
9,5,0.00000,7
5,3,0.00029,7
6,4,0.00033,7
6,4,0.00039,7
5,3,0.00029,7
6,4,0.00032,7
6,4,0.00054,7
1,2,0.00160,7
5,3,0.00112,7
12,6,0.00000,7
5,3,0.00012,7
5,3,0.00091,7
1,2,0.00131,7
9,5,0.00000,7
5,3,0.00041,7
9,5,0.00000,7
6,4,0.00026,7
6,4,0.00105,7
5,3,0.00104,7
6,4,0.00454,7
5,3,0.00085,7
9,5,0.00000,7
9,5,0.00735,7
6,4,0.00024,7
5,3,0.00034,7
6,4,0.00033,7
5,3,0.00052,7
5,3,0.00030,7
5,3,0.00062,7
6,4,0.00050,7
5,3,0.00018,7
5,3,0.00055,7
6,4,0.00610,7
9,5,0.00000,7
5,3,0.00041,7
6,4,0.00026,7
6,4,0.00022,7
6,4,0.00026,7
1,2,0.00143,7
6,4,0.00039,7
9,5,0.00000,7
6,4,0.00031,7
9,5,0.00013,7
5,3,0.00067,7
9,5,0.00039,7
5,3,0.00030,7
6,4,0.00662,7
6,4,0.00682,7
5,3,0.00049,7
9,5,0.00000,7
6,4,0.00501,7
6,4,0.00035,7
5,3,0.00402,7
6,4,0.00025,7
9,5,0.00000,7
9,5,0.00000,7
6,4,0.00000,7
5,3,0.00095,7
5,3,0.00209,7
6,4,0.00018,7
5,3,0.00457,7
6,4,0.00089,7
5,3,0.00052,7
5,3,0.00247,7
6,4,0.00057,7
6,4,0.00029,7
5,3,0.00075,7
6,4,0.00026,7
9,5,0.00012,7
1,2,0.00146,7
5,3,0.00026,7
6,4,0.00047,7
6,4,0.00032,7
5,3,0.00025,20
5,3,0.00006,20
5,3,0.00036,20
5,3,0.00035,20
5,3,0.00029,20
6,4,0.00038,20
5,3,0.00031,20
5,3,0.00027,20
5,3,0.00031,20
5,3,0.00027,20
5,3,0.00028,20
5,3,0.00025,20
5,3,0.00032,20
5,3,0.00029,20
1,2,0.00029,20
5,3,0.00028,20
5,3,0.00032,20
5,3,0.00002,20
6,4,0.00084,20
5,3,0.00010,20
6,4,0.00086,20
5,3,0.00044,20
5,3,0.00003,20
5,3,0.00028,20
5,3,0.00004,20
15,11,0.00230,20
5,3,0.00034,20
6,4,0.00092,20
5,3,0.00039,20
1,2,0.00001,20
5,3,0.00036,20
5,3,0.00034,20
5,3,0.00035,20
5,3,0.00031,20
5,3,0.00035,20
5,3,0.00035,20
5,3,0.00037,20
5,3,0.00030,20
1,2,0.00001,20
5,3,0.00073,20
5,3,0.00025,20
5,3,0.00046,20
5,3,0.00025,20
6,4,0.00038,20
5,3,0.00249,20
5,3,0.00024,20
5,3,0.00027,20
5,3,0.00002,20
6,4,0.00069,20
5,3,0.00033,20
5,3,0.00031,20
5,3,0.00034,20
5,3,0.00027,20
5,3,0.00076,20
5,3,0.00029,20
5,3,0.00258,20
5,3,0.00024,20
5,3,0.00023,20
6,4,0.00042,20
5,3,0.00027,20
5,3,0.00004,20
5,3,0.00031,20
5,3,0.00035,20
5,3,0.00004,20
5,3,0.00037,20
5,3,0.00023,20
5,3,0.00030,20
5,3,0.00043,20
9,5,0.00067,20
6,4,0.00045,20
5,3,0.00038,20
5,3,0.00039,20
5,3,0.00004,20
1,2,0.00001,20
5,3,0.00031,20
5,3,0.00032,20
5,3,0.00033,20
5,3,0.00028,20
5,3,0.00035,20
5,3,0.00048,20
5,3,0.00033,20
5,3,0.00007,20
5,3,0.00026,20
5,3,0.00028,20
5,3,0.00030,20
5,3,0.00005,20
5,3,0.00025,20
5,3,0.00027,20
5,3,0.00040,20
5,3,0.00025,20
5,3,0.00033,20
5,3,0.00039,20
5,3,0.00006,20
5,3,0.00027,20
9,5,0.00054,20
5,3,0.00030,20
5,3,0.00029,20
5,3,0.00048,20
5,3,0.00032,20
5,3,0.00004,20
5,3,0.00034,20
6,4,0.00040,20
5,3,0.00038,20
5,3,0.00037,20
5,3,0.00051,20
5,3,0.00036,20
5,3,0.00048,20
5,3,0.00008,20
5,3,0.00031,20
5,3,0.00017,20
5,3,0.00029,20
5,3,0.00006,20
5,3,0.00004,20
5,3,0.00039,20
5,3,0.00038,20
5,3,0.00031,20
5,3,0.00001,20
6,4,0.00039,20
5,3,0.00028,20
5,3,0.00013,20
5,3,0.00033,20
5,3,0.00034,20
5,3,0.00003,20
5,3,0.00032,20
5,3,0.00030,20
6,4,0.00112,20
5,3,0.00005,20
5,3,0.00031,20
5,3,0.00030,20
5,3,0.00027,20
5,3,0.00034,20
5,3,0.00005,20
5,3,0.00050,20
5,3,0.00030,20
5,3,0.00005,20
5,3,0.00006,20
5,3,0.00005,20
5,3,0.00046,20
5,3,0.00034,20
5,3,0.00028,20
6,4,0.00045,20
5,3,0.00034,20
5,3,0.00039,20
6,4,0.00082,20
5,3,0.00027,20
5,3,0.00003,20
5,3,0.00027,20
5,3,0.00031,20
5,3,0.00045,20
5,3,0.00030,20
5,3,0.00005,20
5,3,0.00031,20
6,4,0.00116,20
6,4,0.00034,20
9,5,0.00064,20
5,3,0.00004,20
5,3,0.00031,20
5,3,0.00035,20
5,3,0.00027,20
5,3,0.00014,20
5,3,0.00032,20
5,3,0.00016,20
5,3,0.00021,20
5,3,0.00018,20
5,3,0.00013,20
5,3,0.00003,20
5,3,0.00029,20
5,3,0.00028,20
6,4,0.00099,20
5,3,0.00006,20
5,3,0.00032,20
6,4,0.00049,20
5,3,0.00041,20
5,3,0.00040,20
5,3,0.00034,20
5,3,0.00032,20
5,3,0.00038,20
5,3,0.00040,20
5,3,0.00004,20
5,3,0.00030,20
5,3,0.00025,20
5,3,0.00031,20
5,3,0.00037,20
6,4,0.00036,20
5,3,0.00028,20
5,3,0.00005,20
5,3,0.00028,20
5,3,0.00030,20
5,3,0.00031,20
5,3,0.00046,20
5,3,0.00031,20
5,3,0.00003,20
5,3,0.00032,20
5,3,0.00030,20
5,3,0.00029,20
5,3,0.00040,20
6,4,0.00045,20
5,3,0.00003,20
5,3,0.00030,20
6,4,0.00026,20
6,4,0.00105,20
5,3,0.00034,20
5,3,0.00021,20
5,3,0.00012,20
5,3,0.00051,20
5,3,0.00025,20
5,3,0.00022,20
6,4,0.00038,20
6,4,0.00112,20
5,3,0.00033,20
5,3,0.00026,20
5,3,0.00019,20
5,3,0.00033,20
5,3,0.00025,20
6,4,0.00118,20
6,4,0.00113,20
6,4,0.00117,20
5,3,0.00036,20
5,3,0.00021,20
5,3,0.00029,20
15,11,0.00201,20
5,3,0.00003,20
6,4,0.00102,20
6,4,0.00042,20
5,3,0.00037,20
5,3,0.00032,20
6,4,0.00040,20
5,3,0.00042,20
6,4,0.00125,20
5,3,0.00028,20
5,3,0.00023,20
5,3,0.00035,20
5,3,0.00006,20
5,3,0.00033,20
6,4,0.00036,20
5,3,0.00038,20
6,4,0.00109,20
5,3,0.00028,20
5,3,0.00032,20
5,3,0.00034,20
5,3,0.00030,20
5,3,0.00030,20
5,3,0.00004,20
5,3,0.00031,20
5,3,0.00033,20
5,3,0.00042,20
5,3,0.00029,20
5,3,0.00029,20
5,3,0.00031,20
5,3,0.00031,20
5,3,0.00028,20
5,3,0.00025,20
5,3,0.00005,20
5,3,0.00029,20
5,3,0.00030,20
1,2,0.00001,20
5,3,0.00022,20
5,3,0.00030,20
5,3,0.00032,20
5,3,0.00025,20
5,3,0.00028,20
5,3,0.00034,20
5,3,0.00005,20
5,3,0.00032,20
5,3,0.00014,20
5,3,0.00023,20
5,3,0.00036,20
6,4,0.00126,20
5,3,0.00026,20
5,3,0.00035,20
5,3,0.00037,20
5,3,0.00030,20
5,3,0.00007,20
5,3,0.00026,20
5,3,0.00031,20
5,3,0.00033,20
5,3,0.00045,20
5,3,0.00016,20
5,3,0.00004,20
5,3,0.00024,20
5,3,0.00033,20
5,3,0.00003,20
5,3,0.00031,20
5,3,0.00032,20
5,3,0.00029,20
5,3,0.00026,20
6,4,0.00101,20
6,4,0.00049,20
5,3,0.00065,20
5,3,0.00032,20
5,3,0.00030,20
5,3,0.00028,20
5,3,0.00014,20
5,3,0.00034,20
5,3,0.00033,20
5,3,0.00038,20
5,3,0.00035,20
5,3,0.00029,20
5,3,0.00044,20
5,3,0.00004,20
5,3,0.00031,20
5,3,0.00033,20
5,3,0.00032,20
6,4,0.00089,20
5,3,0.00026,20
5,3,0.00030,20
5,3,0.00025,20
5,3,0.00031,20
5,3,0.00028,20
5,3,0.00029,20
5,3,0.00027,20
5,3,0.00036,20
5,3,0.00030,20
5,3,0.00019,20
6,4,0.00122,20
5,3,0.00029,20
5,3,0.00032,20
5,3,0.00038,20
5,3,0.00006,20
5,3,0.00028,20
5,3,0.00030,20
5,3,0.00040,20
5,3,0.00027,20
5,3,0.00003,20
6,4,0.00064,20
5,3,0.00026,20
5,3,0.00031,20
5,3,0.00046,20
5,3,0.00034,20
5,3,0.00031,20
5,3,0.00031,20
6,4,0.00051,20
5,3,0.00033,20
5,3,0.00034,20
5,3,0.00041,20
5,3,0.00035,20
5,3,0.00033,20
5,3,0.00096,20
5,3,0.00035,20
6,4,0.00072,20
5,3,0.00033,20
5,3,0.00032,20
6,4,0.00044,20
5,3,0.00018,20
5,3,0.00011,20
5,3,0.00034,20
5,3,0.00003,20
5,3,0.00025,20
5,3,0.00005,20
5,3,0.00036,20
6,4,0.00124,20
5,3,0.00034,20
5,3,0.00029,20
5,3,0.00038,20
5,3,0.00112,20
5,3,0.00001,20
5,3,0.00031,20
6,4,0.00122,20
5,3,0.00032,20
5,3,0.00027,20
5,3,0.00035,20
5,3,0.00040,20
5,3,0.00030,20
5,3,0.00028,20
5,3,0.00026,20
5,3,0.00033,20
5,3,0.00028,20
6,4,0.00089,20
5,3,0.00032,20
5,3,0.00029,20
5,3,0.00015,20
5,3,0.00029,20
5,3,0.00023,20
15,11,0.00210,20
5,3,0.00033,20
6,4,0.00105,20
6,4,0.00116,20
6,4,0.00113,20
6,4,0.00095,20
5,3,0.00028,20
1,2,0.00043,20
5,3,0.00038,20
5,3,0.00026,20
5,3,0.00038,20
5,3,0.00024,20
5,3,0.00029,20
5,3,0.00032,20
5,3,0.00008,20
5,3,0.00024,20
5,3,0.00028,20
6,4,0.00114,20
5,3,0.00027,20
5,3,0.00036,20
6,4,0.00037,20
5,3,0.00015,20
5,3,0.00033,20
5,3,0.00030,20
6,4,0.00076,20
5,3,0.00027,20
5,3,0.00039,20
5,3,0.00015,20
5,3,0.00041,20
5,3,0.00029,20
5,3,0.00011,20
5,3,0.00038,20
6,4,0.00065,20
5,3,0.00006,20
5,3,0.00034,20
5,3,0.00031,20
5,3,0.00033,20
5,3,0.00035,20
5,3,0.00033,20
5,3,0.00026,20
6,4,0.00058,20
5,3,0.00016,20
5,3,0.00036,20
5,3,0.00028,20
5,3,0.00035,20
5,3,0.00041,20
6,4,0.00055,20
6,4,0.00053,20
5,3,0.00028,20
5,3,0.00003,20
5,3,0.00029,20
5,3,0.00030,20
6,4,0.00047,20
5,3,0.00020,20
6,4,0.00116,20
5,3,0.00040,20
5,3,0.00028,20
5,3,0.00029,20
5,3,0.00034,20
5,3,0.00043,20
5,3,0.00024,20
5,3,0.00025,20
6,4,0.00104,20
5,3,0.00042,20
5,3,0.00039,20
5,3,0.00040,20
5,3,0.00003,20
6,4,0.00072,20
5,3,0.00029,20
5,3,0.00038,20
5,3,0.00032,20
5,3,0.00031,20
5,3,0.00030,20
5,3,0.00033,20
5,3,0.00026,20
5,3,0.00005,20
6,4,0.00052,20
5,3,0.00003,20
5,3,0.00039,20
5,3,0.00020,20
5,3,0.00032,20
5,3,0.00001,20
5,3,0.00027,20
5,3,0.00037,20
5,3,0.00107,20
5,3,0.00025,20
5,3,0.00030,20
5,3,0.00032,20
5,3,0.00027,20
5,3,0.00040,20
5,3,0.00016,20
5,3,0.00015,20
6,4,0.00041,20
5,3,0.00029,20
5,3,0.00030,20
5,3,0.00028,20
5,3,0.00024,20
5,3,0.00012,20
5,3,0.00006,20
5,3,0.00033,20
15,11,0.00167,20
5,3,0.00018,20
5,3,0.00208,20
6,4,0.00063,20
5,3,0.00030,20
5,3,0.00015,20
5,3,0.00039,20
5,3,0.00036,20
5,3,0.00035,20
6,4,0.00086,20
5,3,0.00001,20
5,3,0.00050,20
5,3,0.00031,20
6,4,0.00117,20
5,3,0.00034,20
5,3,0.00041,20
5,3,0.00035,20
9,5,0.00066,20
1,2,0.00001,20
5,3,0.00031,20
5,3,0.00032,20
5,3,0.00029,20
5,3,0.00033,20
5,3,0.00003,20
5,3,0.00030,20
5,3,0.00014,20
5,3,0.00023,20
5,3,0.00002,100
5,3,0.00012,100
5,3,0.00006,100
5,3,0.00000,100
1,2,0.00000,100
5,3,0.00019,100
5,3,0.00001,100
5,3,0.00023,100
13,8,0.00044,100
5,3,0.00000,100
6,4,0.00023,100
5,3,0.00002,100
6,4,0.00000,100
6,4,0.00009,100
5,3,0.00005,100
5,3,0.00001,100
5,3,0.00003,100
9,5,0.00000,100
5,3,0.00017,100
5,3,0.00001,100
5,3,0.00000,100
5,3,0.00000,100
5,3,0.00003,100
5,3,0.00001,100
5,3,0.00003,100
5,3,0.00011,100
5,3,0.00001,100
5,3,0.00000,100
5,3,0.00003,100
5,3,0.00001,100
5,3,0.00000,100
5,3,0.00000,100
5,3,0.00009,100
5,3,0.00005,100
5,3,0.00000,100
6,4,0.00019,100
5,3,0.00003,100
6,4,0.00020,100
5,3,0.00002,100
5,3,0.00000,100
5,3,0.00000,100
5,3,0.00002,100
6,4,0.00000,100
5,3,0.00001,100
5,3,0.00000,100
5,3,0.00006,100
5,3,0.00002,100
15,18,0.00174,100
6,4,0.00026,100
5,3,0.00012,100
5,3,0.00001,100
5,3,0.00001,100
5,3,0.00019,100
5,3,0.00002,100
5,3,0.00010,100
1,2,0.00001,100
6,4,0.00019,100
5,3,0.00007,100
5,3,0.00005,100
5,3,0.00005,100
5,3,0.00002,100
6,4,0.00019,100
5,3,0.00001,100
6,4,0.00058,100
5,3,0.00001,100
5,3,0.00001,100
5,3,0.00001,100
6,4,0.00023,100
5,3,0.00004,100
5,3,0.00001,100
5,3,0.00001,100
5,3,0.00002,100
5,3,0.00000,100
5,3,0.00001,100
5,3,0.00005,100
5,3,0.00000,100
5,3,0.00010,100
5,3,0.00002,100
5,3,0.00005,100
5,3,0.00001,100
6,4,0.00000,100
5,3,0.00000,100
5,3,0.00001,100
5,3,0.00001,100
5,3,0.00005,100
5,3,0.00001,100
5,3,0.00024,100
5,3,0.00000,100
5,3,0.00007,100
5,3,0.00001,100
5,3,0.00005,100
5,3,0.00004,100
15,16,0.00270,100
5,3,0.00004,100
5,3,0.00000,100
6,4,0.00021,100
5,3,0.00000,100
5,3,0.00002,100
5,3,0.00001,100
15,23,0.00237,100
6,4,0.00018,100
5,3,0.00001,100
5,3,0.00001,100
5,3,0.00000,100
5,3,0.00000,100
5,3,0.00004,100
5,3,0.00000,100
6,4,0.00027,100
5,3,0.00001,100
5,3,0.00024,100
5,3,0.00001,100
5,3,0.00002,100
5,3,0.00006,100
5,3,0.00015,100
14,10,0.00490,100
5,3,0.00000,100
5,3,0.00002,100
6,4,0.00025,100
13,7,0.00000,100
5,3,0.00002,100
5,3,0.00000,100
5,3,0.00010,100
5,3,0.00000,100
5,3,0.00016,100
5,3,0.00005,100
6,4,0.00000,100
6,4,0.00030,100
5,3,0.00003,100
9,5,0.00000,100
5,3,0.00000,100
9,5,0.00028,100
6,4,0.00017,100
5,3,0.00001,100
5,3,0.00001,100
5,3,0.00005,100
5,3,0.00003,100
5,3,0.00001,100
5,3,0.00001,100
5,3,0.00000,100
5,3,0.00009,100
5,3,0.00000,100
5,3,0.00001,100
5,3,0.00002,100
6,4,0.00000,100
5,3,0.00003,100
5,3,0.00004,100
5,3,0.00001,100
15,18,0.00181,100
5,3,0.00004,100
6,4,0.00030,100
9,5,0.00000,100
5,3,0.00001,100
5,3,0.00005,100
9,5,0.00000,100
5,3,0.00002,100
5,3,0.00002,100
5,3,0.00010,100
1,2,0.00002,100
5,3,0.00002,100
6,4,0.00056,100
5,3,0.00017,100
5,3,0.00021,100
5,3,0.00006,100
5,3,0.00001,100
5,3,0.00000,100
5,3,0.00011,100
5,3,0.00000,100
15,20,0.00176,100
5,3,0.00001,100
5,3,0.00003,100
5,3,0.00005,100
5,3,0.00009,100
5,3,0.00004,100
5,3,0.00009,100
5,3,0.00002,100
5,3,0.00006,100
14,9,0.00210,100
5,3,0.00000,100
9,5,0.00000,100
5,3,0.00001,100
5,3,0.00001,100
5,3,0.00000,100
5,3,0.00003,100
5,3,0.00002,100
9,5,0.00004,100
6,4,0.00021,100
5,3,0.00012,100
5,3,0.00002,100
5,3,0.00000,100
9,5,0.00000,100
5,3,0.00000,100
5,3,0.00001,100
5,3,0.00002,100
5,3,0.00003,100
6,4,0.00032,100
5,3,0.00003,100
5,3,0.00002,100
5,3,0.00025,100
5,3,0.00001,100
1,2,0.00002,100
5,3,0.00001,100
5,3,0.00004,100
6,4,0.00019,100
5,3,0.00009,100
5,3,0.00001,100
5,3,0.00004,100
5,3,0.00000,100
5,3,0.00002,100
6,4,0.00019,100
6,4,0.00025,100
6,4,0.00020,100
5,3,0.00001,100
6,4,0.00103,100
6,4,0.00018,100
6,4,0.00021,100
5,3,0.00002,100
5,3,0.00005,100
5,3,0.00000,100
5,3,0.00000,100
5,3,0.00000,100
5,3,0.00000,100
5,3,0.00000,100
5,3,0.00004,100
5,3,0.00001,100
5,3,0.00002,100
5,3,0.00003,100
1,2,0.00000,100
1,2,0.00001,100
9,5,0.00010,100
5,3,0.00003,100
5,3,0.00001,100
5,3,0.00002,100
5,3,0.00001,100
9,5,0.00002,100
6,4,0.00027,100
5,3,0.00012,100
5,3,0.00001,100
5,3,0.00005,100
1,2,0.00005,100
5,3,0.00002,100
5,3,0.00001,100
6,4,0.00023,100
6,4,0.00039,100
13,8,0.00053,100
5,3,0.00002,100
5,3,0.00000,100
6,4,0.00000,100
5,3,0.00004,100
5,3,0.00004,100
5,3,0.00001,100
14,13,0.00183,100
12,6,0.00000,100
5,3,0.00001,100
5,3,0.00004,100
5,3,0.00005,100
9,5,0.00000,100
9,5,0.00011,100
5,3,0.00002,100
6,4,0.00020,100
5,3,0.00002,100
5,3,0.00009,100
1,2,0.00000,100
5,3,0.00000,100
9,5,0.00090,100
5,3,0.00003,100
5,3,0.00003,100
5,3,0.00008,100
5,3,0.00000,100
5,3,0.00003,100
5,3,0.00000,100
5,3,0.00006,100
1,2,0.00000,100
5,3,0.00001,100
5,3,0.00002,100
5,3,0.00002,100
5,3,0.00002,100
5,3,0.00004,100
6,4,0.00025,100
9,5,0.00000,100
5,3,0.00022,100
5,3,0.00010,100
5,3,0.00001,100
5,3,0.00001,100
5,3,0.00012,100
5,3,0.00000,100
5,3,0.00002,100
5,3,0.00000,100
5,3,0.00000,100
5,3,0.00001,100
5,3,0.00003,100
5,3,0.00001,100
5,3,0.00004,100
6,4,0.00020,100
5,3,0.00006,100
9,5,0.00000,100
5,3,0.00005,100
6,4,0.00020,100
5,3,0.00003,100
5,3,0.00001,100
5,3,0.00001,100
5,3,0.00005,100
5,3,0.00000,100
6,4,0.00044,100
5,3,0.00001,100
5,3,0.00004,100
1,2,0.00000,100
14,9,0.00173,100
5,3,0.00003,100
5,3,0.00000,100
5,3,0.00001,100
5,3,0.00000,100
5,3,0.00002,100
5,3,0.00001,100
5,3,0.00002,100
6,4,0.00021,100
6,4,0.00035,100
9,5,0.00000,100
5,3,0.00000,100
5,3,0.00004,100
5,3,0.00000,100
5,3,0.00001,100
5,3,0.00002,100
5,3,0.00001,100
5,3,0.00024,100
5,3,0.00006,100
5,3,0.00001,100
6,4,0.00024,100
14,10,0.00487,100
5,3,0.00000,100
9,5,0.00000,100
5,3,0.00001,100
14,9,0.00210,100
6,4,0.00020,100
9,5,0.00000,100
5,3,0.00002,100
5,3,0.00001,100
5,3,0.00001,100
5,3,0.00001,100
5,3,0.00001,100
6,4,0.00027,100
5,3,0.00001,100
5,3,0.00008,100
5,3,0.00001,100
5,3,0.00003,100
5,3,0.00002,100
5,3,0.00009,100
9,5,0.00000,100
5,3,0.00002,100
5,3,0.00009,100
6,4,0.00028,100
5,3,0.00000,100
5,3,0.00003,100
5,3,0.00002,100
5,3,0.00002,100
5,3,0.00001,100
5,3,0.00000,100
5,3,0.00000,100
9,5,0.00000,100
5,3,0.00007,100
5,3,0.00002,100
5,3,0.00001,100
13,8,0.00091,100
9,5,0.00000,100
5,3,0.00000,100
5,3,0.00000,100
5,3,0.00002,100
5,3,0.00005,100
9,5,0.00001,100
5,3,0.00002,100
5,3,0.00000,100
14,10,0.00490,100
5,3,0.00006,100
5,3,0.00000,100
5,3,0.00000,100
14,15,0.00222,100
5,3,0.00002,100
5,3,0.00003,100
5,3,0.00000,100
5,3,0.00003,100
5,3,0.00002,100
5,3,0.00008,100
5,3,0.00001,100
5,3,0.00002,100
5,3,0.00000,100
5,3,0.00011,100
5,3,0.00002,100
6,4,0.00025,100
9,5,0.00000,100
13,7,0.00129,100
5,3,0.00016,100
5,3,0.00001,100
6,4,0.00026,100
5,3,0.00000,100
9,5,0.00000,100
5,3,0.00001,100
13,7,0.00000,100
5,3,0.00000,100
15,17,0.00279,100
5,3,0.00002,100
5,3,0.00006,100
6,4,0.00050,100
5,3,0.00001,100
6,4,0.00080,100
5,3,0.00003,100
5,3,0.00000,100
5,3,0.00003,100
9,5,0.00000,100
15,16,0.00148,100
5,3,0.00001,100
5,3,0.00002,100
9,5,0.00036,100
5,3,0.00005,100
5,3,0.00000,100
5,3,0.00003,100
6,4,0.00054,100
5,3,0.00000,100
5,3,0.00000,100
5,3,0.00006,100
5,3,0.00009,100
1,2,0.00000,100
5,3,0.00013,100
5,3,0.00002,100
5,3,0.00000,100
15,19,0.00190,100
5,3,0.00001,100
1,2,0.00000,100
9,5,0.00000,100
6,4,0.00000,100
5,3,0.00000,100
5,3,0.00005,100
5,3,0.00023,100
6,4,0.00028,100
5,3,0.00005,100
5,3,0.00001,100
9,5,0.00014,100
5,3,0.00003,100
5,3,0.00011,100
5,3,0.00001,100
5,3,0.00002,100
5,3,0.00004,100
5,3,0.00005,100
5,3,0.00019,100
5,3,0.00004,100
12,6,0.00037,100
6,4,0.00017,100
9,5,0.00032,100
6,4,0.00019,100
5,3,0.00002,100
5,3,0.00000,100
5,3,0.00007,100
5,3,0.00005,100
6,4,0.00019,100
12,6,0.00000,100
6,4,0.00020,100
5,3,0.00005,100
5,3,0.00000,100
5,3,0.00002,100
5,3,0.00002,100
6,4,0.00028,100
5,3,0.00002,100
5,3,0.00024,100
5,3,0.00006,100
5,3,0.00007,100
5,3,0.00020,100
5,3,0.00002,100
5,3,0.00019,100
5,3,0.00000,100
5,3,0.00001,100
5,3,0.00002,100
5,3,0.00006,100
5,3,0.00004,100
5,3,0.00023,100
5,3,0.00001,100
9,5,0.00000,100
5,3,0.00002,100
5,3,0.00004,100
5,3,0.00005,100
5,3,0.00001,100
6,4,0.00014,100
5,3,0.00001,100
5,3,0.00001,100
5,3,0.00003,100
5,3,0.00001,100
5,3,0.00005,100
5,3,0.00000,100
5,3,0.00002,100
5,3,0.00002,100
6,4,0.00028,100
13,8,0.00169,100
5,3,0.00000,100
9,5,0.00000,100
6,4,0.00029,100
6,4,0.00020,100
5,3,0.00000,100
6,4,0.00025,100
6,4,0.00035,100
5,3,0.00000,100
1,2,0.00000,100
5,3,0.00003,100
5,3,0.00000,100
5,3,0.00000,700
5,3,0.00001,700
6,4,0.00066,700
12,6,0.00005,700
5,3,0.00000,700
5,3,0.00001,700
6,4,0.00031,700
5,3,0.00001,700
9,5,0.00001,700
9,5,0.00000,700
5,3,0.00000,700
5,3,0.00000,700
5,3,0.00001,700
5,3,0.00000,700
5,3,0.00000,700
1,2,0.00000,700
9,5,0.00000,700
14,18,0.00052,700
13,8,0.00101,700
5,3,0.00000,700
5,3,0.00001,700
5,3,0.00000,700
5,3,0.00000,700
5,3,0.00001,700
9,5,0.00004,700
9,5,0.00000,700
5,3,0.00000,700
5,3,0.00000,700
9,5,0.00014,700
5,3,0.00000,700
5,3,0.00000,700
6,4,0.00006,700
5,3,0.00000,700
5,3,0.00000,700
5,3,0.00001,700
5,3,0.00001,700
6,4,0.00005,700
5,3,0.00001,700
5,3,0.00000,700
5,3,0.00001,700
5,3,0.00005,700
5,3,0.00003,700
5,3,0.00001,700
5,3,0.00000,700
9,5,0.00006,700
5,3,0.00000,700
5,3,0.00000,700
5,3,0.00000,700
5,3,0.00002,700
6,4,0.00004,700
5,3,0.00000,700
5,3,0.00001,700
6,4,0.00015,700
6,4,0.00001,700
13,7,0.00000,700
6,4,0.00005,700
5,3,0.00001,700
5,3,0.00002,700
15,21,0.00033,700
5,3,0.00001,700
5,3,0.00000,700
5,3,0.00000,700
5,3,0.00002,700
6,4,0.00000,700
5,3,0.00000,700
9,5,0.00000,700
12,6,0.00001,700
5,3,0.00000,700
14,9,0.00021,700
5,3,0.00002,700
5,3,0.00000,700
9,5,0.00000,700
13,8,0.00020,700
6,4,0.00000,700
5,3,0.00000,700
5,3,0.00000,700
5,3,0.00000,700
5,3,0.00001,700
5,3,0.00000,700
5,3,0.00002,700
13,8,0.00017,700
5,3,0.00000,700
5,3,0.00000,700
5,3,0.00000,700
5,3,0.00000,700
9,5,0.00025,700
5,3,0.00000,700
5,3,0.00000,700
6,4,0.00005,700
5,3,0.00001,700
6,4,0.00005,700
6,4,0.00004,700
5,3,0.00000,700
6,4,0.00005,700
5,3,0.00000,700
5,3,0.00000,700
5,3,0.00001,700
14,9,0.00027,700
5,3,0.00005,700
5,3,0.00001,700
5,3,0.00000,700
5,3,0.00000,700
5,3,0.00000,700
5,3,0.00000,700
5,3,0.00000,700
9,5,0.00004,700
5,3,0.00001,700
6,4,0.00000,700
5,3,0.00000,700
5,3,0.00000,700
5,3,0.00000,700
5,3,0.00000,700
5,3,0.00001,700
5,3,0.00001,700
6,4,0.00004,700
5,3,0.00001,700
5,3,0.00000,700
5,3,0.00000,700
5,3,0.00000,700
5,3,0.00000,700
5,3,0.00001,700
5,3,0.00000,700
13,8,0.00137,700
5,3,0.00000,700
6,4,0.00005,700
5,3,0.00000,700
5,3,0.00000,700
5,3,0.00000,700
5,3,0.00003,700
5,3,0.00000,700
6,4,0.00007,700
5,3,0.00001,700
6,4,0.00006,700
9,5,0.00000,700
6,4,0.00005,700
9,5,0.00000,700
9,5,0.00000,700
9,5,0.00000,700
5,3,0.00001,700
5,3,0.00000,700
5,3,0.00000,700
5,3,0.00000,700
5,3,0.00000,700
5,3,0.00000,700
5,3,0.00000,700
5,3,0.00004,700
5,3,0.00001,700
6,4,0.00004,700
5,3,0.00001,700
5,3,0.00000,700
5,3,0.00005,700
5,3,0.00000,700
5,3,0.00000,700
6,4,0.00004,700
13,8,0.08908,700
5,3,0.00000,700
5,3,0.00000,700
5,3,0.00001,700
5,3,0.00000,700
5,3,0.00000,700
5,3,0.00000,700
14,14,0.00046,700
5,3,0.00000,700
5,3,0.00002,700
5,3,0.00000,700
5,3,0.00000,700
5,3,0.00001,700
5,3,0.00000,700
6,4,0.00002,700
1,2,0.00000,700
5,3,0.00001,700
12,6,0.00006,700
5,3,0.00002,700
13,8,0.00038,700
5,3,0.00000,700
6,4,0.00000,700
5,3,0.00001,700
14,14,0.00037,700
6,4,0.00034,700
6,4,0.00005,700
5,3,0.00000,700
5,3,0.00001,700
5,3,0.00002,700
9,5,0.00000,700
5,3,0.00000,700
5,3,0.00000,700
6,4,0.00004,700
9,5,0.00000,700
5,3,0.00000,700
5,3,0.00002,700
5,3,0.00000,700
5,3,0.00000,700
5,3,0.00000,700
5,3,0.00000,700
5,3,0.00002,700
5,3,0.00000,700
5,3,0.00000,700
6,4,0.00008,700
5,3,0.00001,700
5,3,0.00000,700
6,4,0.00003,700
6,4,0.00005,700
5,3,0.00000,700
6,4,0.00004,700
5,3,0.00000,700
5,3,0.00000,700
5,3,0.00001,700
5,3,0.00000,700
5,3,0.00004,700
5,3,0.00000,700
5,3,0.00000,700
5,3,0.00000,700
5,3,0.00000,700
5,3,0.00005,700
9,5,0.00000,700
9,5,0.00007,700
13,7,0.00014,700
13,7,0.00007,700
5,3,0.00000,700
5,3,0.00001,700
6,4,0.00004,700
14,30,0.00071,700
9,5,0.00000,700
5,3,0.00000,700
5,3,0.00000,700
5,3,0.00000,700
6,4,0.00001,700
5,3,0.00001,700
6,4,0.00006,700
14,10,0.00031,700
5,3,0.00000,700
5,3,0.00001,700
5,3,0.00000,700
5,3,0.00000,700
5,3,0.00000,700
5,3,0.00000,700
5,3,0.00000,700
5,3,0.00000,700
5,3,0.00001,700
6,4,0.00035,700
5,3,0.00000,700
6,4,0.00004,700
5,3,0.00003,700
9,5,0.00000,700
9,5,0.00000,700
5,3,0.00000,700
5,3,0.00001,700
5,3,0.00001,700
5,3,0.00000,700
6,4,0.00036,700
5,3,0.00001,700
6,4,0.00004,700
5,3,0.00000,700
14,9,0.00019,700
5,3,0.00004,700
5,3,0.00000,700
5,3,0.00000,700
13,8,0.00020,700
6,4,0.00000,700
5,3,0.00000,700
5,3,0.00001,700
5,3,0.00000,700
5,3,0.00001,700
9,5,0.00000,700
9,5,0.00000,700
5,3,0.00001,700
9,5,0.00006,700
5,3,0.00000,700
9,5,0.00000,700
5,3,0.00000,700
12,6,0.00006,700
5,3,0.00001,700
5,3,0.00000,700
5,3,0.00000,700
5,3,0.00000,700
9,5,0.00000,700
14,20,0.00055,700
5,3,0.00000,700
5,3,0.00001,700
5,3,0.00000,700
5,3,0.00001,700
5,3,0.00001,700
5,3,0.00000,700
5,3,0.00000,700
5,3,0.00003,700
1,2,0.00000,700
5,3,0.00000,700
6,4,0.00000,700
5,3,0.00002,700
14,10,0.00090,700
5,3,0.00000,700
5,3,0.00000,700
5,3,0.00000,700
5,3,0.00001,700
9,5,0.00000,700
5,3,0.00000,700
5,3,0.00000,700
13,7,0.00014,700
5,3,0.00001,700
9,5,0.00000,700
5,3,0.00000,700
5,3,0.00000,700
5,3,0.00001,700
13,8,0.00030,700
5,3,0.00001,700
5,3,0.00002,700
5,3,0.00000,700
5,3,0.00000,700
5,3,0.00000,700
5,3,0.00001,700
5,3,0.00000,700
5,3,0.00000,700
5,3,0.00000,700
5,3,0.00001,700
5,3,0.00004,700
9,5,0.00000,700
5,3,0.00000,700
5,3,0.00001,700
5,3,0.00000,700
5,3,0.00000,700
5,3,0.00000,700
9,5,0.00004,700
6,4,0.00004,700
5,3,0.00001,700
12,6,0.00000,700
5,3,0.00001,700
5,3,0.00000,700
5,3,0.00001,700
5,3,0.00001,700
5,3,0.00001,700
5,3,0.00001,700
5,3,0.00001,700
9,5,0.00000,700
5,3,0.00000,700
5,3,0.00000,700
5,3,0.00001,700
5,3,0.00000,700
5,3,0.00000,700
5,3,0.00000,700
9,5,0.00000,700
5,3,0.00002,700
5,3,0.00000,700
5,3,0.00000,700
1,2,0.00000,700
1,2,0.00000,700
5,3,0.00000,700
9,5,0.00000,700
5,3,0.00001,700
5,3,0.00000,700
5,3,0.00001,700
5,3,0.00001,700
5,3,0.00001,700
5,3,0.00000,700
5,3,0.00000,700
13,7,0.00012,700
5,3,0.00000,700
5,3,0.00005,700
13,8,0.00027,700
6,4,0.00005,700
5,3,0.00000,700
5,3,0.00001,700
6,4,0.00006,700
5,3,0.00002,700
6,4,0.00000,700
5,3,0.00001,700
5,3,0.00000,700
13,7,0.00005,700
5,3,0.00001,700
5,3,0.00001,700
9,5,0.00000,700
6,4,0.00006,700
5,3,0.00002,700
5,3,0.00000,700
6,4,0.00005,700
6,4,0.00024,700
6,4,0.00004,700
5,3,0.00000,700
13,8,0.08834,700
5,3,0.00000,700
5,3,0.00000,700
5,3,0.00001,700
15,12,0.00024,700
5,3,0.00002,700
5,3,0.00000,700
5,3,0.00000,700
1,2,0.00000,700
5,3,0.00000,700
6,4,0.00005,700
5,3,0.00000,700
9,5,0.00000,700
5,3,0.00000,700
5,3,0.00000,700
5,3,0.00001,700
6,4,0.00031,700
5,3,0.00000,700
5,3,0.00000,700
5,3,0.00000,700
5,3,0.00000,700
5,3,0.00000,700
5,3,0.00001,700
5,3,0.00003,700
5,3,0.00000,700
15,20,0.00032,700
5,3,0.00002,700
5,3,0.00000,700
5,3,0.00001,700
5,3,0.00002,700
5,3,0.00000,700
5,3,0.00000,700
5,3,0.00001,700
5,3,0.00001,700
12,6,0.00040,700
5,3,0.00000,700
5,3,0.00001,700
5,3,0.00000,700
9,5,0.00000,700
13,8,0.00022,700
5,3,0.00000,700
5,3,0.00000,700
6,4,0.00034,700
6,4,0.00007,700
6,4,0.00004,700
9,5,0.00000,700
5,3,0.00001,700
12,6,0.00008,700
5,3,0.00002,700
6,4,0.00005,700
5,3,0.00000,700
5,3,0.00000,700
5,3,0.00001,700
9,5,0.00000,700
5,3,0.00001,700
9,5,0.00005,700
9,5,0.00000,700
5,3,0.00000,700
6,4,0.00009,700
5,3,0.00000,700
9,5,0.00006,700
5,3,0.00000,700
5,3,0.00000,700
5,3,0.00000,700
5,3,0.00003,700
5,3,0.00000,700
5,3,0.00002,700
6,4,0.00004,700
5,3,0.00001,700
5,3,0.00001,700
5,3,0.00001,700
14,14,0.00035,700
6,4,0.00006,700
5,3,0.00002,700
6,4,0.00005,700
13,8,0.00024,700
5,3,0.00001,700
5,3,0.00000,700
5,3,0.00000,700
6,4,0.00006,700
5,3,0.00000,700
5,3,0.00000,700
9,5,0.00005,700
6,4,0.00005,700
6,4,0.00004,700
6,4,0.00004,700
5,3,0.00002,700
5,3,0.00000,700
5,3,0.00003,700
6,4,0.00003,700
5,3,0.00001,700
5,3,0.00001,700
5,3,0.00001,700
6,4,0.00004,700
5,3,0.00005,700
5,3,0.00000,700
5,3,0.00002,700
5,3,0.00000,700
5,3,0.00001,700
5,3,0.00000,700
5,3,0.00000,700
5,3,0.00001,700
9,5,0.00007,700
14,9,0.00026,700
6,4,0.00001,700
1,2,0.00000,700
5,3,0.00000,700
5,3,0.00000,700
5,3,0.00000,700
5,3,0.00001,700
6,4,0.00000,700
5,3,0.00001,700
5,3,0.00001,700
5,3,0.00006,700
6,4,0.00005,700
9,5,0.00000,700
5,3,0.00002,700
5,3,0.00003,700
6,4,0.00007,700
9,5,0.00000,700
5,3,0.00000,700
5,3,0.00000,700
5,3,0.00003,700
