ecotype_size,npop,omega,sigma,likelihood
6,4,0.00010,0.26301,0.097800
9,5,0.00018,0.70813,0.15320
1,2,0.00404,0.25557,0.029600
5,3,0.00199,0.27921,0.082300
9,5,0.00009,0.64378,0.19050
5,3,0.00696,0.37936,0.10280
9,5,0.00003,0.63550,0.33020
6,4,0.00178,0.80476,0.096200
9,5,0.00073,0.75681,0.13370
9,5,0.00287,0.81873,0.12930
9,5,0.00001,0.52365,0.18750
9,5,0.00022,0.81612,0.13290
9,5,0.00003,0.66184,0.23790
9,5,0.00056,1.02429,0.18960
9,5,0.00023,0.33204,0.22250
9,5,0.00001,0.08545,0.028400
12,6,0.00058,1.48787,0.011800
5,3,0.00195,0.27589,0.12030
9,5,0.00041,0.72274,0.12700
6,4,0.00928,0.41951,0.14510
9,5,0.00077,0.25632,0.18130
9,5,0.00023,0.71557,0.21500
9,5,0.00002,0.56803,0.14220
6,4,0.00045,0.22611,0.13930
6,4,0.00748,0.80957,0.13090
5,3,0.00047,0.44742,0.10790
6,4,0.00831,0.52286,0.15760
5,3,0.00220,0.35175,0.10910
9,5,0.00009,0.57083,0.13950
9,5,0.01001,1.36844,0.29940
6,4,0.00101,0.34803,0.12850
6,4,0.00000,1.08858,0.17160
12,6,0.00004,0.45525,0.0039000
9,5,0.00026,0.49748,0.28620
12,6,0.04927,1.47688,0.26740
5,3,0.00161,0.19771,0.13050
9,5,0.00003,0.09799,0.039000
6,4,0.00074,0.24449,0.14200
5,3,0.00381,0.30344,0.094700
6,4,0.00139,0.40879,0.12620
5,3,0.00370,0.40800,0.10690
6,4,0.00104,0.59803,0.15120
9,5,0.00000,0.53088,0.29070
9,5,0.00008,0.28221,0.075600
9,5,0.00001,0.11074,0.044800
9,5,0.00000,0.07980,0.038700
9,5,0.00003,0.58957,0.21290
6,4,0.00245,0.49134,0.16430
9,5,0.01740,1.29856,0.19050
5,3,0.00202,0.86753,0.048800
5,3,0.00421,0.40423,0.097300
6,4,0.00028,0.20432,0.13050
12,6,0.00133,1.13981,0.078400
5,3,0.00125,0.31300,0.067900
6,4,0.00024,0.20683,0.12380
5,3,0.00168,0.30825,0.091400
6,4,0.00336,0.68635,0.18390
6,4,0.00008,0.35793,0.13690
5,3,0.00302,0.37697,0.10420
13,7,0.08245,1.52397,0.25830
9,5,0.00147,0.72710,0.21910
6,4,0.00035,0.22195,0.13340
9,5,0.00249,0.88536,0.12950
6,4,0.00117,0.36795,0.13350
9,5,0.00013,0.82745,0.23210
6,4,0.00127,0.41406,0.13050
9,5,0.00006,0.61514,0.12010
12,6,0.06890,1.49718,0.12520
5,3,0.90617,0.68898,0.040200
6,4,0.00023,0.21331,0.12840
9,5,0.00052,0.66964,0.20780
9,5,0.00008,0.55463,0.20280
6,4,0.00105,0.35179,0.13400
5,3,0.00117,0.27660,0.13270
1,2,0.00111,0.25488,0.035500
9,5,0.00196,1.21400,0.30170
5,3,0.00246,0.18673,0.11710
9,5,0.00015,0.81643,0.12980
5,3,0.00224,0.55024,0.10210
5,3,0.00995,0.54559,0.087100
5,3,0.00131,0.19869,0.10420
9,5,0.00012,0.72179,0.24440
5,3,0.00208,1.11705,0.091900
6,4,0.00345,0.74705,0.19620
5,3,0.00125,0.35944,0.11240
9,5,0.00010,0.63571,0.12830
5,3,0.00199,0.16608,0.11980
9,5,0.00110,0.58064,0.20650
5,3,0.00160,0.40140,0.050800
5,3,0.00043,0.92801,0.090000
5,3,0.00044,0.26444,0.062700
6,4,0.00043,0.18169,0.14120
9,5,0.01592,1.10931,0.20740
5,3,0.00110,0.30630,0.065700
5,3,0.00186,0.41334,0.10200
9,5,0.00030,0.36425,0.13060
5,3,0.00152,0.48249,0.057800
9,5,0.00000,0.06933,0.028900
5,3,0.00587,0.36907,0.077200
6,4,0.00353,0.59509,0.10700
6,4,0.00071,0.32575,0.13180
5,3,0.00096,0.21962,0.10860
6,4,0.00743,0.30843,0.14480
5,3,0.00166,0.65104,0.10960
6,4,0.00008,0.29443,0.11150
5,3,0.00291,0.94878,0.028500
9,5,0.00012,0.69188,0.13180
6,4,0.00265,1.10547,0.12240
5,3,0.00193,0.24859,0.10900
6,4,0.00120,0.31891,0.12360
6,4,0.01675,0.52276,0.093600
5,3,0.00309,0.23462,0.10520
9,5,0.02610,1.04773,0.20380
6,4,0.00799,0.46461,0.21050
9,5,0.00087,0.51731,0.13420
9,5,0.00088,0.74388,0.31060
5,3,0.00444,0.34824,0.12490
5,3,0.00100,0.66695,0.096600
6,4,0.00030,0.35885,0.13310
5,3,0.00163,0.48804,0.057100
5,3,0.00095,0.27617,0.12080
5,3,0.00129,0.22092,0.10650
5,3,0.00230,0.54015,0.060300
5,3,0.00346,0.52351,0.083100
5,3,0.74320,0.54258,0.011100
9,5,0.00001,0.11438,0.052300
6,4,0.00134,0.36143,0.11830
6,4,0.00112,0.41350,0.14350
6,4,0.00036,0.19590,0.12890
5,3,0.00661,0.31461,0.12220
12,6,0.00007,0.67428,0.0022000
6,4,0.00003,0.74737,0.11210
6,4,0.00043,0.21766,0.14100
5,3,0.00236,0.60732,0.098200
9,5,0.00097,0.81471,0.23920
6,4,0.00158,0.42251,0.13010
6,4,0.00138,0.40067,0.14740
9,5,0.00090,0.75690,0.32060
9,5,0.00004,0.42414,0.14510
6,4,0.00016,0.27332,0.10320
5,3,0.00365,0.38722,0.10590
9,5,0.00026,0.54285,0.31850
5,3,0.04444,1.01856,0.080600
5,3,0.00134,0.39482,0.054200
9,5,0.00004,0.72523,0.21730
6,4,0.00830,0.40289,0.14630
6,4,0.00090,0.24400,0.15240
5,3,0.00308,0.31031,0.079300
5,3,0.00309,0.43257,0.056500
5,3,0.00567,0.40853,0.10140
9,5,0.00028,0.42900,0.15260
9,5,0.00003,0.23165,0.13520
9,5,0.08473,0.30568,0.10520
9,5,0.00091,0.97540,0.13000
5,3,0.00138,0.37257,0.12150
9,5,0.00004,0.49325,0.17720
9,5,0.00003,0.44140,0.16380
6,4,0.00016,0.19964,0.12210
9,5,0.00095,0.91369,0.15800
9,5,0.00142,0.68852,0.33790
5,3,0.00073,0.22912,0.10630
9,5,0.00049,0.58857,0.21520
6,4,0.00024,0.21894,0.13530
6,4,0.00140,0.37189,0.13840
6,4,0.00125,0.52741,0.21500
9,5,0.00021,0.74197,0.13050
5,3,0.00054,0.27752,0.12620
6,4,0.00161,0.50933,0.097500
5,3,0.00202,0.52842,0.050600
9,5,0.00217,0.80710,0.32150
5,3,0.00199,0.32207,0.081500
5,3,0.09866,0.78595,0.044500
5,3,0.00057,0.16556,0.12140
6,4,0.00182,0.45784,0.098900
9,5,0.00004,0.53252,0.16990
5,3,0.00199,0.43539,0.057100
12,6,0.01835,0.67924,0.17980
5,3,0.10829,0.42429,0.035900
12,6,0.00010,0.68506,0.0039000
6,4,0.00125,0.34392,0.13070
6,4,0.00111,0.37578,0.13610
5,3,0.00084,0.25061,0.091500
9,5,0.00011,0.36611,0.12490
9,5,0.00396,0.84879,0.13760
1,2,0.95969,0.99854,0.012400
6,4,0.00127,0.36016,0.12080
1,2,0.99534,0.99900,0.0039000
6,4,0.00106,0.33023,0.12610
9,5,0.00027,0.69764,0.13290
6,4,0.00044,1.10351,0.12580
5,3,0.00027,0.22634,0.057200
9,5,0.00017,0.39969,0.089900
9,5,0.00010,0.28894,0.075200
5,3,0.00066,0.19049,0.10640
6,4,0.00005,0.33525,0.12620
6,4,0.00038,0.20285,0.13240
12,6,0.00073,1.67962,0.012600
6,4,0.00119,0.39302,0.12720
9,5,0.00108,1.25899,0.14330
9,5,0.00029,0.82800,0.12630
5,3,0.00405,0.29702,0.094100
6,4,0.00007,0.25303,0.094500
9,5,0.00000,0.87463,0.32050
5,3,0.03745,0.47186,0.056800
6,4,0.00006,0.30516,0.11420
5,3,0.00078,0.75107,0.086100
5,3,0.00179,0.33532,0.082600
6,4,0.01486,0.59836,0.15520
5,3,0.01672,0.76947,0.087200
9,5,0.00001,0.10432,0.047000
5,3,0.00314,0.41031,0.10470
6,4,0.00019,0.21691,0.13010
6,4,0.00083,0.84627,0.18580
5,3,0.00427,0.35739,0.098200
6,4,0.00048,0.22537,0.13210
9,5,0.00038,0.70632,0.21400
6,4,0.00038,0.22538,0.14420
9,5,0.00029,0.90955,0.19920
5,3,0.00466,0.39371,0.10390
6,4,0.01317,0.53792,0.16490
5,3,0.00322,0.26929,0.12060
9,5,0.00041,0.75868,0.23210
5,3,0.01334,0.59818,0.094400
9,5,0.00004,0.57416,0.21410
9,5,0.00209,1.09865,0.29310
5,3,1.10396,0.50642,0.014600
9,5,0.00261,0.28595,0.19470
9,5,0.00004,0.54699,0.17120
9,5,0.00001,0.80462,0.12570
5,3,0.00066,0.94643,0.049500
9,5,0.00005,0.19568,0.10560
9,5,0.01512,1.24680,0.20190
6,4,0.00008,0.17869,0.11680
5,3,0.00398,0.30426,0.12790
5,3,0.00262,0.30417,0.075700
5,3,0.00958,0.57892,0.074300
1,2,0.98356,0.99732,0.0015000
5,3,0.02915,0.99247,0.072400
6,4,0.00023,0.46197,0.14680
5,3,0.00080,0.33115,0.047800
9,5,0.00028,0.26593,0.16470
9,5,0.00013,0.75880,0.22170
12,6,0.00002,0.61215,0.00050000
9,5,0.00006,0.73005,0.22450
5,3,0.00492,0.80942,0.047600
6,4,0.00008,0.32623,0.068000
6,4,0.00230,0.51670,0.087000
12,6,0.00005,0.67643,0.0015000
5,3,0.00386,0.36126,0.11060
6,4,0.00019,0.22745,0.12690
5,3,0.00041,0.50057,0.087700
6,4,0.00089,0.34813,0.12920
5,3,0.00937,0.55361,0.098600
6,4,0.00136,0.40273,0.15140
6,4,0.00064,0.32639,0.12870
9,5,0.00002,1.65851,0.31710
9,5,0.00004,0.39342,0.090900
9,5,0.00118,0.62492,0.14460
9,5,0.00085,0.83096,0.22200
6,4,0.00152,1.31258,0.10320
5,3,0.00443,0.30449,0.081800
9,5,0.00008,0.62066,0.19800
9,5,0.00007,0.68158,0.20490
6,4,0.00126,0.33240,0.12580
9,5,0.00212,0.78335,0.23320
5,3,0.00026,0.22564,0.057500
5,3,0.00405,0.54041,0.094200
5,3,0.00563,0.33830,0.082600
9,5,0.00106,0.37541,0.13630
6,4,0.00001,0.30511,0.099500
6,4,0.00093,0.37543,0.13920
9,5,0.00004,1.49447,0.31780
6,4,0.00047,0.65140,0.19150
6,4,0.00040,0.36261,0.12730
6,4,0.00057,0.86184,0.12560
6,4,0.00108,0.33858,0.12630
9,5,0.00006,0.55313,0.31070
5,3,0.00037,0.21630,0.078300
9,5,0.00030,0.74310,0.12550
9,5,0.00014,0.73974,0.13040
5,3,0.00302,0.55569,0.093000
6,4,0.00024,0.18081,0.11490
5,3,0.01273,0.60123,0.056000
5,3,0.00132,0.50052,0.055700
5,3,0.00194,0.55416,0.054200
12,6,0.00001,1.31996,0.00030000
5,3,0.00198,0.32561,0.079200
9,5,0.00173,1.08199,0.15380
6,4,0.00033,0.21012,0.13060
1,2,0.00313,0.19875,0.023100
5,3,0.00569,0.46023,0.10200
9,5,0.00002,0.82764,0.27070
5,3,0.00232,0.54048,0.099400
6,4,0.00010,0.34441,0.12360
6,4,0.00051,0.29605,0.11420
9,5,0.00006,0.56866,0.20440
5,3,0.00434,0.36203,0.10380
6,4,0.00090,0.22340,0.14860
5,3,0.00194,0.26469,0.11710
9,5,0.00010,0.32943,0.21240
9,5,0.00028,0.56424,0.20300
9,5,0.00083,0.53969,0.19620
9,5,0.00038,1.00796,0.14910
5,3,0.00752,0.47538,0.082500
9,5,0.00056,1.56822,0.12620
6,4,0.01784,0.73479,0.068200
9,5,0.02239,0.36210,0.13040
5,3,0.00753,0.57074,0.080000
5,3,0.01011,0.49160,0.075400
6,4,0.00417,0.88610,0.12050
5,3,0.00527,0.40758,0.10170
9,5,0.00019,0.62127,0.20730
5,3,0.00171,0.25835,0.088600
9,5,0.00075,0.47376,0.17090
6,4,0.00051,0.32271,0.11770
5,3,0.00605,0.37477,0.10210
9,5,0.00006,0.40337,0.14760
9,5,0.00010,0.67866,0.13370
9,5,0.00013,0.77012,0.19900
9,5,0.00012,0.43609,0.15780
9,5,0.00015,0.49653,0.13010
9,5,0.00206,0.84872,0.13090
9,5,0.02676,1.04815,0.20830
9,5,0.00008,0.70999,0.32370
9,5,0.00890,1.38701,0.29410
9,5,0.00981,0.51276,0.17340
9,5,0.00053,0.74915,0.12850
6,4,0.00067,0.22854,0.13970
6,4,0.00099,0.26446,0.094200
6,4,0.00177,0.74338,0.13270
5,3,0.00106,0.28882,0.093200
9,5,0.00026,0.82540,0.26590
12,6,0.00003,0.68140,0.00080000
9,5,0.00013,1.67057,0.31640
6,4,0.00087,0.49230,0.088900
9,5,0.00023,0.71127,0.15800
9,5,0.00008,0.52828,0.19600
9,5,0.00084,1.15688,0.14380
9,5,0.00003,0.53610,0.20020
5,3,0.00104,0.24235,0.074300
5,3,0.00317,0.30803,0.082800
9,5,0.00062,1.01667,0.15670
6,4,0.00061,0.22658,0.14020
5,3,0.00556,0.28729,0.10340
1,2,0.00508,0.37403,0.027900
6,4,0.00160,0.56359,0.16520
9,5,0.00049,0.59020,0.19230
9,5,0.00013,0.54032,0.29460
9,5,0.00319,0.81699,0.15420
6,4,0.00005,0.17122,0.055200
9,5,0.00028,0.46176,0.12340
6,4,0.00036,0.37753,0.14090
6,4,0.00019,0.16954,0.10890
9,5,0.00000,1.48103,0.29920
6,4,0.00961,0.58186,0.14660
9,5,0.00251,0.79848,0.31940
5,3,0.00258,0.42412,0.052300
5,3,0.00206,0.32431,0.079200
5,3,0.00333,0.33490,0.067000
9,5,0.00000,0.06924,0.030400
9,5,0.00013,0.73523,0.13120
5,3,0.00311,0.49485,0.079600
6,4,0.00032,0.21907,0.13780
9,5,0.00239,0.96674,0.15010
9,5,0.00015,0.78773,0.22940
5,3,0.00083,0.42821,0.10970
5,3,0.00097,0.28670,0.078700
6,4,0.00121,0.38358,0.14270
6,4,0.00122,0.58361,0.10430
12,6,0.00004,0.88790,0.0012000
6,4,0.00026,0.22419,0.14330
9,5,0.00006,0.78098,0.23350
5,3,0.00230,0.32920,0.075400
5,3,0.00182,0.39096,0.087000
5,3,0.01571,0.74630,0.079000
5,3,0.00186,0.49843,0.076000
5,3,0.00096,0.27738,0.12500
9,5,0.00003,0.33083,0.093100
9,5,0.00081,0.71861,0.37130
5,3,0.00160,0.50060,0.062100
6,4,0.00062,0.18190,0.11850
5,3,0.00521,0.42348,0.058400
5,3,0.00070,0.44421,0.051500
5,3,0.00791,0.41564,0.096500
9,5,0.00014,0.31616,0.24720
5,3,0.00089,0.44214,0.056700
5,3,0.00233,0.49020,0.076700
6,4,0.00133,0.32442,0.18490
9,5,0.00139,0.70660,0.15450
9,5,0.01129,0.67845,0.18300
5,3,0.22575,0.77191,0.044900
5,3,0.00498,0.36168,0.10970
6,4,0.00048,0.21592,0.14290
9,5,0.00061,0.91404,0.22110
5,3,0.00680,0.40267,0.095300
6,4,0.00057,0.21889,0.13240
12,6,0.00014,0.86542,0.0095000
9,5,0.00014,0.83959,0.24090
9,5,0.00008,0.49602,0.17950
5,3,0.00249,0.50368,0.091500
5,3,0.00273,0.28005,0.12390
9,5,0.00296,1.47871,0.30960
9,5,0.00002,0.26433,0.068200
9,5,0.00088,0.95129,0.13370
6,4,0.00159,0.39767,0.14250
5,3,0.00038,0.33854,0.10100
5,3,0.00325,1.00781,0.037900
5,3,0.00149,0.37269,0.040100
5,3,0.00088,0.21112,0.10510
9,5,0.00700,0.26086,0.083100
5,3,0.00036,0.99073,0.079200
6,4,0.00033,0.15979,0.12940
6,4,0.00032,0.87213,0.10820
9,5,0.00014,0.43936,0.16210
5,3,0.00173,0.24254,0.11370
12,6,0.00064,1.69189,0.013500
6,4,0.00839,1.22995,0.16030
5,3,0.00148,0.36993,0.099200
9,5,0.00007,0.49683,0.11190
9,5,0.00006,0.77407,0.22920
9,5,0.00009,0.73960,0.25600
9,5,0.00152,0.70757,0.21720
9,5,0.00004,0.48388,0.17920
5,3,0.00345,0.28286,0.12380
9,5,0.00004,0.70748,0.24850
9,5,0.00425,0.56853,0.20040
5,3,0.01371,0.62716,0.057800
9,5,0.00073,1.34636,0.11440
5,3,0.00273,0.38508,0.085500
6,4,0.00016,0.21474,0.13450
9,5,0.00082,0.95206,0.15480
5,3,0.00406,0.39993,0.10220
5,3,0.09982,0.79628,0.047300
5,3,0.00041,0.96972,0.090100
9,5,0.02207,1.07995,0.20540
6,4,0.00022,0.19590,0.12000
9,5,0.00024,0.29169,0.079300
9,5,0.00058,0.47756,0.099700
5,3,0.00524,0.39021,0.10130
6,4,0.00626,1.09360,0.15420
5,3,0.00228,0.21791,0.093200
6,4,0.00034,0.23189,0.14240
6,4,0.00062,0.22530,0.15030
1,2,0.97657,0.99783,0.0028000
5,3,0.00041,0.20774,0.074100
5,3,0.00280,0.95860,0.029800
1,2,0.00478,0.32046,0.033100
5,3,0.00117,0.25632,0.058300
5,3,0.00240,0.27281,0.12000
5,3,0.00214,0.32703,0.079300
9,5,0.00000,0.23082,0.13530
1,2,0.00124,0.80849,0.020500
6,4,0.00163,0.28191,0.16900
5,3,0.00152,0.61318,0.11810
5,3,0.94388,0.36255,0.029500
6,4,0.00081,0.22566,0.14320
9,5,0.00056,1.32794,0.32370
1,2,0.00209,0.27363,0.026400
6,4,0.00395,0.53312,0.17230
5,3,0.00127,0.23988,0.10590
5,3,0.00061,0.24854,0.063700
6,4,0.00036,0.23112,0.14380
5,3,0.00168,0.42496,0.10780
9,5,0.00068,0.60487,0.19290
6,4,0.00001,0.18257,0.056200
6,4,0.00431,0.83336,0.17870
9,5,0.00099,0.66483,0.20910
6,4,0.00121,0.89767,0.12980
9,5,0.00002,0.49285,0.17570
6,4,0.00099,0.26965,0.15010
9,5,0.00061,0.98024,0.20240
9,5,0.00006,0.57524,0.31150
5,3,0.00350,0.33674,0.065100
5,3,0.00885,0.55372,0.092300
6,4,0.00018,0.34347,0.13480
6,4,0.00029,0.21725,0.12700
5,3,0.00480,0.36145,0.052000
9,5,0.00006,0.53139,0.19010
9,5,0.00000,0.08618,0.029500
6,4,0.01360,0.47893,0.16030
5,3,0.00162,0.36053,0.10520
9,5,0.00005,0.47026,0.16870
5,3,0.00032,0.25646,0.12250
9,5,0.00539,1.21099,0.26170
9,5,0.01006,0.53952,0.18240
5,3,0.00366,0.31938,0.078700
6,4,0.00017,0.39775,0.14350
6,4,0.00040,0.46029,0.14710
6,4,0.00216,0.54529,0.14150
6,4,0.00123,0.32718,0.12590
9,5,0.00001,0.62198,0.19540
6,4,0.00113,0.36891,0.14260
5,3,0.00039,0.98433,0.087800
6,4,0.00133,0.35359,0.11660
6,4,0.00329,0.49716,0.14870
5,3,0.00607,0.42722,0.10410
9,5,0.00065,0.90972,0.12850
9,5,0.00120,0.83386,0.31300
6,4,0.00093,0.42715,0.092800
5,3,0.00123,0.16296,0.12150
5,3,0.00179,0.13087,0.11470
5,3,0.00073,0.10913,0.12100
5,3,0.00195,0.20500,0.10600
5,3,0.00054,0.12904,0.11800
5,3,0.00177,0.19645,0.10100
5,3,0.00227,0.29458,0.12390
5,3,0.00220,0.18595,0.11690
5,3,0.00036,0.17795,0.13260
1,2,0.00177,0.23294,0.024300
5,3,0.00070,0.10018,0.00010000
5,3,0.00065,0.19429,0.11150
5,3,0.00036,0.11752,0.11870
5,3,0.00166,0.19697,0.10380
5,3,0.00305,0.22945,0.10310
5,3,0.00112,0.16654,0.093100
5,3,0.00043,0.20512,0.10400
5,3,0.00204,0.18822,0.10610
5,3,0.00111,0.10206,0.13650
9,5,0.01885,0.17808,0.0025000
5,3,0.00194,0.14938,0.10770
5,3,0.00064,0.16762,0.11640
5,3,0.00046,0.14124,0.10870
5,3,0.00031,0.10429,0.12480
5,3,0.01548,0.14630,0.099100
5,3,0.00194,0.19948,0.11070
5,3,0.00172,0.16176,0.12170
5,3,0.00027,0.14739,0.10460
5,3,0.00103,0.12276,0.11030
5,3,0.00127,0.15694,0.11030
5,3,0.00187,0.13748,0.13020
5,3,0.00075,0.14388,0.12910
5,3,0.00164,0.16987,0.095400
5,3,0.00140,0.12796,0.11720
5,3,0.00119,0.11356,0.00010000
5,3,0.00028,0.10081,0.13110
5,3,0.00043,0.13758,0.12700
5,3,0.00158,0.15073,0.13340
5,3,0.00163,0.15470,0.12710
5,3,0.00069,0.17611,0.092000
5,3,0.00072,0.17236,0.13570
5,3,0.00025,0.23838,0.12520
5,3,0.00182,0.15674,0.13240
5,3,0.00193,0.15638,0.12860
5,3,0.00064,0.15235,0.11950
5,3,0.00152,0.16889,0.10020
5,3,0.00199,0.16223,0.12230
5,3,0.00118,0.13755,0.12760
5,3,0.00211,0.17874,0.12510
5,3,0.00050,0.20604,0.12660
5,3,0.00091,0.16500,0.13050
5,3,0.00072,0.17286,0.12290
5,3,0.00136,0.20076,0.12010
5,3,0.00108,0.16860,0.11280
5,3,0.00213,0.15088,0.13770
5,3,0.00129,0.11710,0.12960
5,3,0.00038,0.11292,0.13140
5,3,0.00170,0.16394,0.11220
1,2,0.00239,0.16031,0.023600
5,3,0.00422,0.19000,0.11370
1,2,0.00264,0.17736,0.028300
5,3,0.00079,0.17918,0.13080
5,3,0.00033,0.12404,0.13760
5,3,0.00215,0.16050,0.11390
5,3,0.00076,0.15523,0.12920
5,3,0.00139,0.21042,0.11270
5,3,0.00224,0.17220,0.097800
5,3,0.00106,0.14523,0.097800
5,3,0.00150,0.11226,0.12460
5,3,0.00146,0.18628,0.11540
5,3,0.00217,0.17744,0.094700
5,3,0.00192,0.16596,0.12530
1,2,0.00159,0.10616,0.027800
5,3,0.00073,0.12188,0.12230
5,3,0.00034,0.13757,0.11110
1,2,0.00145,0.18205,0.036600
5,3,0.00123,0.10000,0.12630
5,3,0.00111,0.15789,0.11820
5,3,0.00173,0.14482,0.13660
5,3,0.00086,0.13865,0.11400
5,3,0.00060,0.12019,0.10270
5,3,0.00047,0.12954,0.13000
1,2,0.00056,0.08794,0.034900
5,3,0.00166,0.16912,0.095900
5,3,0.00159,0.19242,0.12720
5,3,0.00059,0.14939,0.10550
5,3,0.00282,0.17382,0.11180
5,3,0.00064,0.14775,0.10960
5,3,0.00049,0.14752,0.10960
1,2,0.00177,0.12524,0.035100
5,3,0.00095,0.15570,0.12430
1,2,0.00338,0.21823,0.023000
5,3,0.00061,0.13913,0.12950
5,3,0.00122,0.14684,0.13500
5,3,0.00065,0.11619,0.12570
5,3,0.00038,0.15526,0.12860
5,3,0.00080,0.12516,0.13460
1,2,0.00455,0.26989,0.026200
5,3,0.00043,0.13691,0.12620
5,3,0.00243,0.18048,0.10450
5,3,0.00077,0.19708,0.13070
5,3,0.00005,0.12902,0.11890
1,2,0.00284,0.17817,0.030100
5,3,0.00050,0.12398,0.13380
5,3,0.00061,0.22286,0.11930
5,3,0.00042,0.12544,0.12110
5,3,0.00097,0.14253,0.13650
1,2,0.00220,0.17002,0.026000
5,3,0.00081,0.09244,0.13410
5,3,0.00037,0.11537,0.13410
5,3,0.00155,0.14561,0.10510
5,3,0.00232,0.17593,0.097100
5,3,0.00138,0.16526,0.11450
5,3,0.00139,0.13203,0.11620
5,3,0.00203,0.14451,0.10600
5,3,0.00023,0.08021,0.12860
5,3,0.00046,0.12429,0.12750
5,3,0.00101,0.14243,0.10700
5,3,0.00178,0.18440,0.12460
6,4,0.00001,0.10636,0.14780
5,3,0.00069,0.16953,0.11530
5,3,0.00046,0.14117,0.12870
5,3,0.00093,0.12265,0.11470
5,3,0.00065,0.09002,0.13480
5,3,0.00125,0.13425,0.11610
1,2,0.00267,0.17109,0.028800
5,3,0.00084,0.19651,0.10790
5,3,0.00097,0.08875,0.13810
5,3,0.00163,0.16764,0.091300
5,3,0.00100,0.17475,0.13870
5,3,0.00070,0.19107,0.11120
5,3,0.00245,0.16471,0.10660
5,3,0.00237,0.19900,0.10240
5,3,0.00104,0.12459,0.11550
5,3,0.00121,0.18040,0.11500
5,3,0.00095,0.16373,0.10420
5,3,0.00043,0.13361,0.11640
6,4,0.00010,0.12533,0.17060
5,3,0.00086,0.23006,0.10330
1,2,0.00282,0.16704,0.035100
5,3,0.00020,0.08324,0.11740
1,2,0.00189,0.12859,0.027800
5,3,0.00062,0.11693,0.12820
5,3,0.00331,0.17951,0.094200
5,3,0.00210,0.14377,0.11750
5,3,0.00063,0.13843,0.13110
5,3,0.00136,0.16346,0.12470
5,3,0.00158,0.18543,0.094400
5,3,0.00139,0.14722,0.10100
5,3,0.00125,0.27428,0.11380
5,3,0.00127,0.13964,0.12660
5,3,0.00137,0.13988,0.11090
5,3,0.00042,0.14840,0.12850
5,3,0.00045,0.13037,0.13140
5,3,0.00041,0.16710,0.14070
1,2,0.00222,0.14888,0.034700
5,3,0.00165,0.11885,0.12690
1,2,0.00048,0.17452,0.037500
5,3,0.00111,0.13860,0.12820
5,3,0.00037,0.12821,0.11620
9,5,0.00039,0.13155,0.31170
5,3,0.00175,0.15318,0.13130
5,3,0.00169,0.19629,0.12410
5,3,0.00258,0.18022,0.11380
5,3,0.00121,0.13868,0.12480
5,3,0.00307,0.22141,0.10810
5,3,0.00175,0.14310,0.10610
5,3,0.00074,0.18250,0.11520
5,3,0.00217,0.16468,0.11830
5,3,0.00553,0.13612,0.00020000
5,3,0.00084,0.20338,0.10690
1,2,0.00252,0.16512,0.037500
5,3,0.00127,0.14891,0.099200
5,3,0.00026,0.16499,0.12280
5,3,0.00061,0.17950,0.12230
5,3,0.00342,0.25446,0.10430
5,3,0.00147,0.15578,0.11220
1,2,0.00196,0.15440,0.026200
5,3,0.00014,0.15056,0.11470
5,3,0.00139,0.13229,0.13640
5,3,0.00068,0.11678,0.10260
5,3,0.00121,0.14764,0.13780
5,3,0.00057,0.10615,0.13300
5,3,0.00058,0.17652,0.098900
5,3,0.00117,0.12597,0.11600
5,3,0.00123,0.16925,0.11620
5,3,0.00188,0.19962,0.10540
1,2,0.00316,0.20782,0.031000
5,3,0.00147,0.14876,0.14070
1,2,0.00253,0.15968,0.027200
5,3,0.00113,0.14911,0.12760
5,3,0.00265,0.19797,0.10330
5,3,0.00112,0.14161,0.099400
5,3,0.00038,0.11402,0.12100
5,3,0.00055,0.18344,0.11850
9,5,0.00062,0.19372,0.27430
1,2,0.00273,0.18039,0.030000
5,3,0.00105,0.11098,0.12380
5,3,0.00050,0.14673,0.13630
5,3,0.00145,0.11705,0.11190
5,3,0.00093,0.16051,0.11100
5,3,0.00066,0.14054,0.13920
5,3,0.00077,0.16311,0.13730
5,3,0.00070,0.13653,0.12450
5,3,0.00160,0.12949,0.11670
5,3,0.00121,0.17481,0.12240
5,3,0.00070,0.11932,0.11660
5,3,0.00200,0.16791,0.11950
5,3,0.00053,0.11947,0.13750
5,3,0.00104,0.13541,0.12510
5,3,0.00113,0.15469,0.12560
1,2,0.00247,0.16283,0.025700
1,2,0.00276,0.18950,0.023900
5,3,0.00044,0.14980,0.13610
5,3,0.00073,0.20064,0.10860
5,3,0.00161,0.13330,0.11980
1,2,0.00147,0.10768,0.028500
5,3,0.00066,0.15979,0.12260
5,3,0.00122,0.12049,0.13590
1,2,0.00179,0.12494,0.035300
5,3,0.00108,0.21536,0.11700
5,3,0.00165,0.11516,0.12580
5,3,0.00124,0.15431,0.12860
5,3,0.00278,0.18832,0.11600
1,2,0.00284,0.17425,0.023200
5,3,0.00155,0.13005,0.11810
5,3,0.00070,0.16855,0.098000
5,3,0.00086,0.09270,0.12820
5,3,0.00118,0.17431,0.12180
5,3,0.00094,0.19351,0.10990
5,3,0.00214,0.23089,0.10660
5,3,0.00071,0.17977,0.13040
5,3,0.00116,0.12156,0.11490
5,3,0.00190,0.14127,0.12870
5,3,0.00062,0.14222,0.10910
5,3,0.00064,0.10022,0.00010000
5,3,0.00210,0.17283,0.095300
5,3,0.00090,0.14500,0.12890
1,2,0.00225,0.15852,0.023500
5,3,0.00099,0.15653,0.12810
9,5,0.00043,0.15822,0.20750
5,3,0.00104,0.15040,0.13310
5,3,0.00087,0.15177,0.13780
5,3,0.00206,0.12397,0.12670
5,3,0.00043,0.14032,0.13090
5,3,0.00129,0.17069,0.10420
5,3,0.00284,0.14646,0.10610
5,3,0.00270,0.16277,0.13250
5,3,0.00113,0.11998,0.12220
5,3,0.00102,0.15013,0.10230
5,3,0.00106,0.16099,0.13410
5,3,0.00030,0.13180,0.11660
5,3,0.00113,0.12552,0.11590
5,3,0.00218,0.16041,0.12910
5,3,0.00135,0.12932,0.12540
5,3,0.00129,0.15777,0.11670
5,3,0.00167,0.19873,0.12660
5,3,0.00062,0.19324,0.10360
5,3,0.00122,0.13617,0.11120
5,3,0.00205,0.17270,0.091400
5,3,0.00092,0.16322,0.11740
5,3,0.00100,0.17550,0.13720
5,3,0.00184,0.20020,0.12380
5,3,0.00079,0.18748,0.12320
5,3,0.00031,0.10455,0.12500
5,3,0.00099,0.14821,0.11050
6,4,0.00000,0.09300,0.20610
5,3,0.00061,0.12273,0.11480
5,3,0.00132,0.14948,0.11130
5,3,0.00059,0.14848,0.11290
5,3,0.00055,0.09568,0.13320
5,3,0.00038,0.11800,0.11400
5,3,0.00182,0.15796,0.12450
5,3,0.00147,0.15717,0.13280
5,3,0.00146,0.20251,0.11950
5,3,0.00132,0.16403,0.12070
5,3,0.00107,0.10527,0.12200
5,3,0.00273,0.25532,0.11080
5,3,0.00199,0.17564,0.096900
5,3,0.00138,0.20757,0.10710
9,5,0.00000,0.16305,0.48690
5,3,0.00103,0.15868,0.12940
5,3,0.00149,0.17108,0.096000
5,3,0.00184,0.16976,0.095200
6,4,0.00043,0.16699,0.17120
5,3,0.00190,0.23986,0.10760
5,3,0.00111,0.16645,0.12020
1,2,0.00324,0.20876,0.026600
5,3,0.00173,0.15774,0.11990
5,3,0.00033,0.08320,0.13280
5,3,0.00191,0.14271,0.13450
5,3,0.00076,0.15183,0.12720
5,3,0.00031,0.13640,0.13230
5,3,0.00129,0.17761,0.12850
5,3,0.00134,0.20409,0.10440
1,2,0.00298,0.19672,0.027200
5,3,0.00101,0.09734,0.11650
5,3,0.00141,0.18902,0.10450
5,3,0.00032,0.09577,0.13390
5,3,0.00130,0.18815,0.12200
5,3,0.00081,0.14602,0.10480
5,3,0.00112,0.17822,0.092600
5,3,0.00037,0.14031,0.11560
5,3,0.00017,0.14350,0.14020
5,3,0.00117,0.16468,0.13330
5,3,0.00089,0.19364,0.10340
5,3,0.00218,0.17197,0.13050
5,3,0.00039,0.16299,0.12530
5,3,0.00049,0.17822,0.14000
5,3,0.00122,0.23330,0.10600
5,3,0.00186,0.14442,0.11950
5,3,0.00383,0.18912,0.094800
5,3,0.00203,0.15897,0.13930
5,3,0.00056,0.15986,0.12460
5,3,0.00045,0.10261,0.11990
5,3,0.00066,0.19801,0.10330
5,3,0.00126,0.12007,0.13090
5,3,0.00084,0.21116,0.10660
5,3,0.00041,0.11058,0.14550
5,3,0.00057,0.16539,0.12030
5,3,0.00147,0.14656,0.11330
5,3,0.00025,0.08308,0.13660
5,3,0.00020,0.12255,0.12090
5,3,0.00237,0.17515,0.096900
5,3,0.00175,0.16649,0.11250
5,3,0.00053,0.15860,0.12450
5,3,0.00029,0.11880,0.14100
5,3,0.00068,0.12222,0.12270
5,3,0.00089,0.16970,0.11470
5,3,0.00324,0.24250,0.11140
5,3,0.00054,0.11079,0.12980
5,3,0.00056,0.17104,0.11420
5,3,0.00038,0.17862,0.12530
5,3,0.00103,0.19383,0.11040
5,3,0.00073,0.20983,0.12670
5,3,0.00077,0.13626,0.14130
1,2,0.00387,0.24819,0.024700
1,2,0.00360,0.22597,0.031600
1,2,0.00269,0.17800,0.035000
5,3,0.00072,0.16787,0.11460
5,3,0.00087,0.19925,0.12380
5,3,0.00117,0.03360,0.00020000
5,3,0.00182,0.12517,0.11160
5,3,0.00036,0.11004,0.12860
5,3,0.00278,0.22436,0.11010
5,3,0.00062,0.12534,0.11980
5,3,0.00088,0.14568,0.11500
1,2,0.00241,0.16014,0.028100
5,3,0.00046,0.17712,0.11580
6,4,0.00116,0.17873,0.16380
5,3,0.00069,0.17833,0.11330
5,3,0.00088,0.09099,0.00010000
5,3,0.00114,0.21661,0.10760
5,3,0.00238,0.17899,0.11940
5,3,0.00054,0.16359,0.12390
5,3,0.00045,0.17141,0.13440
5,3,0.00235,0.19674,0.10230
5,3,0.00105,0.17562,0.10040
5,3,0.00038,0.10926,0.12670
1,2,0.00286,0.17891,0.025500
5,3,0.00171,0.13960,0.13110
5,3,0.00078,0.18114,0.12310
5,3,0.00196,0.18220,0.099700
5,3,0.00158,0.18992,0.12870
5,3,0.00062,0.10379,0.00010000
5,3,0.00122,0.17042,0.12180
1,2,0.00222,0.15193,0.032500
5,3,0.00171,0.07885,0.00010000
5,3,0.00335,0.20364,0.11000
5,3,0.00167,0.18267,0.10020
5,3,0.00076,0.11444,0.11630
5,3,0.00068,0.17894,0.10110
5,3,0.00117,0.16445,0.11920
5,3,0.00305,0.19104,0.12670
5,3,0.00064,0.08288,0.14210
5,3,0.00078,0.15190,0.12770
5,3,0.00207,0.14651,0.12480
5,3,0.00175,0.15382,0.11080
5,3,0.00059,0.14077,0.10650
5,3,0.00154,0.19547,0.10700
5,3,0.00314,0.22578,0.10960
5,3,0.00049,0.14316,0.10900
5,3,0.00262,0.20013,0.12780
5,3,0.00250,0.25887,0.11600
5,3,0.00102,0.17244,0.12500
5,3,0.00040,0.13194,0.11080
5,3,0.00099,0.13975,0.13720
5,3,0.00270,0.19020,0.12190
5,3,0.00035,0.12129,0.13600
5,3,0.00229,0.17885,0.091500
5,3,0.00075,0.12463,0.12760
5,3,0.00149,0.16475,0.12100
5,3,0.00142,0.12613,0.10770
9,5,0.00046,0.14761,0.28970
1,2,0.00280,0.18493,0.030400
5,3,0.00024,0.12991,0.13410
5,3,0.00115,0.13788,0.13290
5,3,0.00113,0.16059,0.12440
5,3,0.00094,0.23005,0.10380
1,2,0.00288,0.18059,0.020700
5,3,0.00092,0.12698,0.11730
1,2,0.00226,0.16530,0.035900
5,3,0.00114,0.08742,0.11970
5,3,0.00070,0.14527,0.14040
5,3,0.00269,0.21679,0.10260
5,3,0.00238,0.17160,0.11220
5,3,0.00165,0.19685,0.13380
5,3,0.00099,0.17750,0.12680
5,3,0.00029,0.17105,0.14040
5,3,0.00053,0.16753,0.13210
5,3,0.00052,0.16881,0.11590
5,3,0.00015,0.12579,0.12830
5,3,0.00163,0.17546,0.095600
5,3,0.00514,0.08891,0.00010000
5,3,0.00144,0.16098,0.10650
5,3,0.00138,0.16085,0.11310
5,3,0.00128,0.16176,0.13750
5,3,0.00078,0.15872,0.10120
5,3,0.00131,0.11853,0.13580
5,3,0.00142,0.17152,0.12010
5,3,0.00231,0.21013,0.10680
5,3,0.00296,0.24466,0.10820
5,3,0.00072,0.14797,0.11820
5,3,0.00191,0.14451,0.12510
5,3,0.00317,0.21618,0.11300
1,2,0.00117,0.13842,0.033600
5,3,0.00054,0.17681,0.12790
5,3,0.00081,0.13287,0.12840
5,3,0.00163,0.18634,0.11300
5,3,0.00026,0.11111,0.12410
5,3,0.00045,0.13988,0.12980
1,2,0.00094,0.17967,0.034900
5,3,0.00124,0.19309,0.10730
5,3,0.00114,0.15635,0.11890
1,2,0.00234,0.17340,0.027400
5,3,0.00045,0.13306,0.13440
5,3,0.00043,0.13052,0.11870
5,3,0.00053,0.09887,0.12610
5,3,0.00142,0.15500,0.12200
5,3,0.00060,0.13798,0.12760
5,3,0.00169,0.14765,0.10810
1,2,0.00221,0.15322,0.026200
5,3,0.00067,0.15311,0.10540
5,3,0.00228,0.17716,0.096800
5,3,0.00041,0.13631,0.10270
1,2,0.01286,0.33021,0.024600
5,3,0.00114,0.09987,0.11820
6,4,0.00700,0.06437,0.17910
5,3,0.00199,0.17033,0.12080
5,3,0.00100,0.18073,0.13210
5,3,0.00194,0.13058,0.12850
5,3,0.00291,0.12255,0.11210
1,2,0.00160,0.22549,0.027200
5,3,0.00046,0.15136,0.10660
5,3,0.00146,0.15103,0.13410
5,3,0.00048,0.10697,0.14040
5,3,0.00262,0.13471,0.12320
5,3,0.00031,0.09145,0.12720
5,3,0.00030,0.10306,0.11920
1,2,0.00105,0.19048,0.030200
5,3,0.00111,0.11535,0.11510
5,3,0.00186,0.21471,0.10060
5,3,0.00188,0.14965,0.098900
5,3,0.00266,0.19941,0.10410
5,3,0.00153,0.11215,0.12930
5,3,0.00066,0.14188,0.12510
5,3,0.00023,0.11435,0.12440
5,3,0.00077,0.17603,0.098300
5,3,0.00192,0.15142,0.10040
5,3,0.00153,0.12873,0.11640
1,2,0.00206,0.13395,0.032100
5,3,0.00074,0.20955,0.10370
5,3,0.00035,0.10547,0.12800
5,3,0.00234,0.23949,0.10520
5,3,0.00085,0.09754,0.11960
5,3,0.00242,0.20009,0.12040
1,2,0.00246,0.15977,0.031700
5,3,0.00100,0.11954,0.13000
5,3,0.00184,0.15034,0.10230
5,3,0.00085,0.14149,0.11210
5,3,0.00046,0.17348,0.11850
5,3,0.00222,0.15858,0.12210
5,3,0.00181,0.17716,0.12160
5,3,0.00069,0.20422,0.10500
9,5,0.00000,0.07724,0.037700
5,3,0.00438,0.18033,0.11440
5,3,0.00147,0.13448,0.12930
5,3,0.00116,0.18184,0.11970
5,3,0.00039,0.14743,0.12580
5,3,0.00196,0.18054,0.11890
1,2,0.00151,0.16572,0.037300
5,3,0.00286,0.20596,0.093600
5,3,0.00226,0.16975,0.11300
5,3,0.00079,0.13397,0.11780
5,3,0.00064,0.15334,0.13200
5,3,0.00172,0.14894,0.13160
1,2,0.00166,0.21697,0.035700
1,2,0.00391,0.25115,0.026600
5,3,0.00077,0.18526,0.13630
5,3,0.00137,0.16163,0.14080
5,3,0.00034,0.11047,0.12600
5,3,0.00206,0.04220,0.13020
6,4,0.00096,0.04192,0.22660
5,3,0.00061,0.07187,0.13020
9,5,0.00000,0.10836,0.47620
5,3,0.00083,0.07903,0.00010000
6,4,0.00099,0.05753,0.23310
6,4,0.00024,0.08370,0.29740
9,5,0.00036,0.08127,0.45200
6,4,0.00031,0.09816,0.29530
9,5,0.00000,0.11639,0.47940
5,3,0.00081,0.05580,0.14080
9,5,0.00000,0.10577,0.50240
9,5,0.00000,0.11862,0.47160
9,5,0.00000,0.10587,0.49570
5,3,0.00066,0.07760,0.14640
5,3,0.00151,0.10774,0.13060
6,4,0.00628,0.07254,0.25290
5,3,0.00042,0.07895,0.13030
5,3,0.00447,0.06154,0.12640
5,3,0.00079,0.06013,0.14470
6,4,0.00035,0.09078,0.29910
6,4,0.00025,0.09969,0.30730
5,3,0.00067,0.07226,0.13360
6,4,0.00812,0.06931,0.21830
5,3,0.00072,0.07272,0.14040
6,4,0.00550,0.03678,0.18560
5,3,0.00260,0.05396,0.13060
9,5,0.00000,0.11990,0.49010
6,4,0.00613,0.03803,0.20210
9,5,0.00000,0.11276,0.47100
6,4,0.02189,0.06188,0.16670
5,3,0.00059,0.08720,0.12930
9,5,0.00000,0.13772,0.48680
12,6,0.00028,0.11090,0.15400
1,2,0.00143,0.10081,0.028800
9,5,0.00079,0.05790,0.31760
6,4,0.00075,0.05508,0.25600
5,3,0.00096,0.06199,0.13000
6,4,0.00035,0.08380,0.29280
5,3,0.00033,0.08437,0.13410
5,3,0.00028,0.06643,0.13740
6,4,0.00707,0.05773,0.18320
5,3,0.00019,0.09751,0.14600
5,3,0.00048,0.07864,0.12710
5,3,0.00101,0.07357,0.13340
6,4,0.00073,0.05038,0.24380
6,4,0.00572,0.07916,0.24910
5,3,0.00013,0.05821,0.14270
9,5,0.00000,0.13269,0.47650
6,4,0.00111,0.06431,0.23870
5,3,0.00029,0.07867,0.13790
9,5,0.00000,0.12032,0.46010
12,6,0.00000,0.20744,0.0000
6,4,0.00023,0.08118,0.31210
6,4,0.00602,0.04307,0.16670
5,3,0.00089,0.06954,0.00010000
5,3,0.00058,0.11013,0.13480
5,3,0.00455,0.06169,0.11770
6,4,0.00534,0.07557,0.25830
5,3,0.00021,0.06739,0.14040
9,5,0.00000,0.11912,0.45580
5,3,0.00248,0.07085,0.12100
6,4,0.00110,0.05081,0.22540
6,4,0.00036,0.07391,0.31070
9,5,0.00000,0.11027,0.48560
6,4,0.00754,0.05015,0.16860
9,5,0.00000,0.11849,0.49980
5,3,0.00021,0.08731,0.13850
9,5,0.00019,0.11566,0.45250
6,4,0.00015,0.08148,0.27600
5,3,0.00020,0.06623,0.13570
5,3,0.00422,0.03732,0.11000
9,5,0.00035,0.08056,0.42810
6,4,0.00195,0.04545,0.18260
9,5,0.00000,0.11528,0.47460
5,3,0.00077,0.08312,0.12960
6,4,0.00024,0.08519,0.31440
5,3,0.00020,0.03430,0.00010000
6,4,0.00090,0.04073,0.22050
9,5,0.00000,0.14519,0.47940
6,4,0.00691,0.06142,0.22940
5,3,0.00113,0.06617,0.13470
6,4,0.00740,0.06541,0.20000
14,9,0.01411,0.19025,0.78200
6,4,0.00035,0.07658,0.29110
6,4,0.00551,0.04642,0.17990
9,5,0.00000,0.13585,0.45940
9,5,0.00000,0.11637,0.47070
5,3,0.00058,0.05062,0.13970
12,6,0.00000,0.24236,0.0000
9,5,0.00000,0.11538,0.47280
6,4,0.00557,0.04711,0.18080
6,4,0.00496,0.04078,0.17470
9,5,0.00015,0.09719,0.48410
6,4,0.00021,0.09561,0.29270
6,4,0.03181,0.04459,0.12740
5,3,0.00071,0.05332,0.14220
5,3,0.00019,0.07747,0.13770
9,5,0.00000,0.09244,0.48400
1,2,0.00139,0.09666,0.031700
6,4,0.00572,0.05879,0.21140
6,4,0.00095,0.06366,0.24240
5,3,0.00156,0.06098,0.11790
5,3,0.00064,0.06823,0.14720
6,4,0.00634,0.04209,0.19400
9,5,0.00000,0.09325,0.47860
5,3,0.00075,0.07934,0.13780
6,4,0.00000,0.12655,0.27580
6,4,0.00078,0.05604,0.25040
9,5,0.00000,0.11061,0.47560
5,3,0.00019,0.10078,0.13150
6,4,0.00088,0.05020,0.23580
5,3,0.00064,0.05910,0.14100
5,3,0.00392,0.05930,0.12320
5,3,0.00054,0.05358,0.14730
6,4,0.00028,0.07749,0.29390
5,3,0.00074,0.05535,0.12810
6,4,0.00034,0.08965,0.30830
9,5,0.00095,0.06961,0.31590
5,3,0.00022,0.06541,0.14350
5,3,0.00052,0.06126,0.14810
5,3,0.00029,0.10795,0.14610
6,4,0.00979,0.07354,0.00020000
5,3,0.00108,0.07182,0.13910
6,4,0.00089,0.06531,0.23770
5,3,0.00095,0.05799,0.13940
5,3,0.00092,0.05911,0.14070
1,2,0.00014,0.07833,0.037500
6,4,0.00087,0.06361,0.24610
6,4,0.00000,0.12032,0.26970
5,3,0.00022,0.07246,0.13960
5,3,0.00074,0.04273,0.00010000
5,3,0.00029,0.10155,0.14510
5,3,0.00451,0.05619,0.11820
5,3,0.00053,0.09272,0.13350
5,3,0.00078,0.07749,0.12950
5,3,0.00082,0.09935,0.12770
5,3,0.00043,0.08527,0.13780
9,5,0.00027,0.08034,0.45320
9,5,0.00000,0.12154,0.45930
9,5,0.00000,0.12458,0.49170
6,4,0.00075,0.05293,0.26320
6,4,0.00576,0.04024,0.17130
6,4,0.00027,0.09812,0.30530
6,4,0.00553,0.04960,0.21490
9,5,0.00000,0.13366,0.46560
5,3,0.00184,0.03969,0.12140
9,5,0.00000,0.13630,0.46240
12,6,0.00000,0.21394,0.0000
5,3,0.00042,0.06923,0.14670
5,3,0.00065,0.07939,0.13270
9,5,0.00000,0.10945,0.48790
6,4,0.00023,0.09249,0.30760
5,3,0.00246,0.05421,0.12910
6,4,0.00088,0.06422,0.25170
9,5,0.00086,0.06250,0.32380
6,4,0.00035,0.09379,0.29280
6,4,0.00021,0.08470,0.30010
9,5,0.00000,0.13730,0.45560
6,4,0.00028,0.11392,0.28510
5,3,0.00297,0.06699,0.12490
5,3,0.00230,0.04631,0.12880
5,3,0.00539,0.07520,0.11510
6,4,0.00026,0.08100,0.30120
5,3,0.00063,0.06478,0.00030000
6,4,0.00567,0.03631,0.16890
9,5,0.00097,0.07054,0.31050
5,3,0.00067,0.04501,0.14130
5,3,0.00058,0.07244,0.13700
6,4,0.00580,0.04104,0.20520
5,3,0.00025,0.05791,0.12510
5,3,0.00012,0.08102,0.12550
9,5,0.00000,0.11339,0.50400
9,5,0.01363,0.13551,0.0014000
5,3,0.00416,0.05792,0.12450
5,3,0.00029,0.08258,0.13580
5,3,0.00071,0.08938,0.13650
5,3,0.00069,0.07347,0.13740
6,4,0.00040,0.08087,0.28350
5,3,0.00070,0.04969,0.11670
9,5,0.00088,0.06442,0.33010
6,4,0.00091,0.06668,0.24810
9,5,0.00000,0.12816,0.49630
9,5,0.00081,0.05903,0.33150
9,5,0.00000,0.13047,0.46550
5,3,0.00250,0.05087,0.14200
5,3,0.00021,0.06196,0.13600
6,4,0.00094,0.04518,0.22650
5,3,0.00013,0.07653,0.13890
6,4,0.00083,0.05676,0.24590
5,3,0.00084,0.09237,0.13210
6,4,0.00000,0.13435,0.27170
6,4,0.00017,0.08532,0.29580
5,3,0.00030,0.07297,0.12840
9,5,0.00037,0.09347,0.44430
6,4,0.00054,0.10429,0.28540
6,4,0.00095,0.06147,0.23790
9,5,0.00000,0.12727,0.47940
5,3,0.00081,0.05463,0.13200
6,4,0.00088,0.06451,0.24800
9,5,0.00000,0.13182,0.48160
9,5,0.00100,0.07334,0.31700
5,3,0.00092,0.06702,0.13590
6,4,0.00661,0.05850,0.20660
5,3,0.00107,0.08790,0.13460
6,4,0.00026,0.10555,0.27460
6,4,0.00048,0.08230,0.28570
5,3,0.00027,0.07170,0.14120
5,3,0.00072,0.07939,0.13120
6,4,0.00041,0.08959,0.28480
5,3,0.00060,0.05731,0.13090
5,3,0.00327,0.06351,0.12910
5,3,0.00047,0.03283,0.13350
6,4,0.00642,0.06656,0.23170
6,4,0.00571,0.06211,0.22150
6,4,0.00040,0.07430,0.28290
9,5,0.00000,0.12330,0.46520
9,5,0.00082,0.06010,0.31900
6,4,0.00035,0.06333,0.30180
9,5,0.00000,0.11725,0.46650
6,4,0.00000,0.12738,0.26620
5,3,0.00086,0.04726,0.13650
5,3,0.00035,0.07914,0.13460
5,3,0.00053,0.07419,0.14660
9,5,0.00035,0.09473,0.44410
6,4,0.00484,0.05422,0.24200
9,5,0.00033,0.08771,0.45520
6,4,0.00098,0.04887,0.23380
6,4,0.00097,0.05777,0.23980
5,3,0.00045,0.09342,0.12780
6,4,0.00085,0.04989,0.23780
6,4,0.00550,0.04938,0.21140
5,3,0.00070,0.07698,0.13850
5,3,0.00336,0.06226,0.13330
6,4,0.00027,0.10418,0.28670
9,5,0.00000,0.12114,0.46730
5,3,0.00025,0.09274,0.14190
5,3,0.00071,0.05389,0.13200
9,5,0.00000,0.12133,0.48380
5,3,0.00087,0.07379,0.12810
5,3,0.00078,0.07419,0.14230
5,3,0.00052,0.06983,0.13750
6,4,0.00037,0.08449,0.27750
5,3,0.00037,0.10064,0.12780
9,5,0.01060,0.11685,0.0038000
9,5,0.00000,0.09341,0.47950
9,5,0.00000,0.11629,0.46490
6,4,0.00084,0.05456,0.23640
9,5,0.00000,0.12223,0.47630
9,5,0.00035,0.09328,0.45730
5,3,0.00083,0.07181,0.13770
5,3,0.00050,0.06964,0.14120
6,4,0.00079,0.05234,0.24170
5,3,0.00078,0.07783,0.12840
6,4,0.00697,0.06246,0.21400
12,6,0.00000,0.22487,0.0000
6,4,0.00575,0.04564,0.16500
6,4,0.05232,0.03239,0.10600
5,3,0.00052,0.07064,0.13970
5,3,0.00400,0.05605,0.12540
6,4,0.00029,0.09951,0.28810
9,5,0.00000,0.11371,0.49240
5,3,0.00019,0.07140,0.13560
6,4,0.00153,0.13025,0.00070000
12,6,0.00000,0.21375,0.0000
5,3,0.00112,0.09945,0.12780
5,3,0.00045,0.08856,0.13250
5,3,0.00058,0.05293,0.14320
9,5,0.00000,0.13115,0.47390
5,3,0.00022,0.07933,0.12490
6,4,0.00000,0.12138,0.27790
5,3,0.00039,0.09199,0.12350
6,4,0.00008,0.18224,0.20200
9,5,0.00000,0.12892,0.48780
6,4,0.00819,0.02173,0.092800
9,5,0.00000,0.12121,0.49730
6,4,0.00091,0.06674,0.24760
6,4,0.00030,0.10436,0.30170
6,4,0.02327,0.04238,0.13780
9,5,0.00000,0.13161,0.48410
5,3,0.00095,0.06907,0.13300
9,5,0.00039,0.08956,0.44390
5,3,0.00048,0.07750,0.14090
5,3,0.00030,0.07782,0.14680
6,4,0.00025,0.09176,0.30470
5,3,0.00029,0.08152,0.12960
9,5,0.00018,0.13699,0.48980
6,4,0.00105,0.05594,0.23220
5,3,0.00029,0.07388,0.14050
5,3,0.00076,0.06752,0.13420
6,4,0.00077,0.06535,0.25500
5,3,0.00023,0.06885,0.14130
6,4,0.00025,0.06201,0.30800
5,3,0.00070,0.07843,0.12680
6,4,0.00028,0.10581,0.30320
9,5,0.00000,0.13108,0.46700
6,4,0.00020,0.08677,0.30630
5,3,0.00042,0.08498,0.14380
9,5,0.00000,0.10742,0.46720
6,4,0.00094,0.06848,0.24070
6,4,0.00812,0.02878,0.095700
5,3,0.00025,0.06939,0.13710
6,4,0.00029,0.10321,0.30190
5,3,0.00248,0.06132,0.11870
9,5,0.00012,0.10595,0.47330
6,4,0.00657,0.04328,0.16500
6,4,0.00105,0.06890,0.24470
5,3,0.00039,0.02488,0.00010000
5,3,0.00101,0.07940,0.12570
5,3,0.00046,0.08753,0.13910
6,4,0.00607,0.05151,0.21230
9,5,0.00091,0.06622,0.32570
6,4,0.00000,0.12438,0.29250
5,3,0.00032,0.08114,0.12770
6,4,0.00040,0.10437,0.29840
5,3,0.00238,0.04880,0.12170
5,3,0.00094,0.08925,0.13640
6,4,0.00814,0.03658,0.14010
6,4,0.00035,0.07174,0.29470
5,3,0.00040,0.08015,0.12830
9,5,0.00000,0.13987,0.49690
6,4,0.00095,0.06210,0.23070
6,4,0.00105,0.06170,0.24150
5,3,0.00069,0.06129,0.13530
6,4,0.00027,0.09240,0.28870
6,4,0.00038,0.06833,0.29000
9,5,0.00000,0.13286,0.47490
5,3,0.00033,0.07986,0.14430
5,3,0.00039,0.06800,0.14400
6,4,0.00676,0.04848,0.17550
6,4,0.00096,0.06978,0.24330
6,4,0.00031,0.10715,0.28620
5,3,0.00030,0.07871,0.13220
5,3,0.00399,0.04647,0.12680
6,4,0.00026,0.08827,0.29370
6,4,0.00033,0.07562,0.29130
5,3,0.00449,0.05359,0.11570
5,3,0.00045,0.06610,0.13380
5,3,0.00063,0.06487,0.13520
6,4,0.00032,0.10771,0.28690
5,3,0.00070,0.05764,0.00010000
5,3,0.00056,0.08336,0.12310
6,4,0.00740,0.01777,0.090800
5,3,0.00029,0.06968,0.14430
9,5,0.00000,0.12016,0.48520
6,4,0.00035,0.08082,0.29850
6,4,0.00023,0.06602,0.30090
5,3,0.00044,0.07501,0.12230
6,4,0.00042,0.11784,0.28590
6,4,0.00047,0.05178,0.27610
6,4,0.00074,0.04828,0.24260
5,3,0.00074,0.08372,0.13840
5,3,0.00069,0.07787,0.14840
5,3,0.00083,0.05526,0.14260
6,4,0.00001,0.14120,0.28930
6,4,0.00029,0.10341,0.30500
5,3,0.00187,0.05335,0.12280
5,3,0.00053,0.11446,0.11130
9,5,0.00000,0.13272,0.47120
9,5,0.00000,0.10558,0.49560
9,5,0.00000,0.12687,0.47070
5,3,0.00015,0.06338,0.12500
5,3,0.00069,0.07871,0.14150
6,4,0.00048,0.10178,0.27860
5,3,0.00028,0.06892,0.14270
1,2,0.00164,0.10774,0.023700
6,4,0.00000,0.11949,0.28400
12,6,0.00316,0.19856,0.44110
6,4,0.00456,0.03333,0.17670
6,4,0.00094,0.05876,0.24140
5,3,0.00089,0.07408,0.13390
1,2,0.00044,0.08060,0.036400
6,4,0.00049,0.09026,0.28980
9,5,0.00000,0.11762,0.46370
9,5,0.00000,0.11026,0.45660
5,3,0.00210,0.04544,0.12510
9,5,0.00000,0.13823,0.46970
5,3,0.00018,0.07182,0.13470
6,4,0.00089,0.05975,0.24380
5,3,0.00253,0.06007,0.13310
5,3,0.00069,0.05010,0.14500
9,5,0.00000,0.13928,0.47900
5,3,0.00246,0.05534,0.13430
5,3,0.00054,0.06978,0.13400
6,4,0.00074,0.05394,0.25280
6,4,0.00026,0.10331,0.29070
5,3,0.00383,0.10299,0.00010000
5,3,0.00020,0.05270,0.14050
5,3,0.00078,0.07517,0.13110
6,4,0.00117,0.06342,0.22170
9,5,0.00022,0.13460,0.47430
5,3,0.00100,0.07330,0.13060
6,4,0.00598,0.03940,0.17670
6,4,0.00071,0.05188,0.24550
6,4,0.05545,0.02337,0.10140
6,4,0.00077,0.05586,0.25230
5,3,0.00067,0.08605,0.13420
5,3,0.00113,0.06222,0.12650
5,3,0.00046,0.09182,0.13250
5,3,0.00051,0.06417,0.13660
6,4,0.00640,0.05920,0.22100
6,4,0.00860,0.02302,0.092000
6,4,0.00636,0.03897,0.17180
6,4,0.00039,0.10566,0.29020
5,3,0.00119,0.07581,0.13390
6,4,0.05934,0.02057,0.097700
6,4,0.00732,0.04471,0.16550
6,4,0.00036,0.10044,0.29350
6,4,0.00093,0.06753,0.25360
6,4,0.00094,0.06173,0.23270
5,3,0.00029,0.06547,0.15230
12,6,0.00000,0.25256,0.0000
6,4,0.01800,0.33505,0.00020000
5,3,0.00040,0.04267,0.00010000
9,5,0.00000,0.14482,0.45600
9,5,0.00000,0.11929,0.46510
5,3,0.00019,0.08321,0.15000
6,4,0.00081,0.05782,0.24230
1,2,0.00128,0.09678,0.032200
9,5,0.00000,0.11672,0.47210
6,4,0.00017,0.08506,0.30740
6,4,0.00519,0.04250,0.17120
5,3,0.00053,0.03513,0.13130
6,4,0.00093,0.05976,0.24060
6,4,0.00573,0.04823,0.16630
5,3,0.00102,0.08910,0.13520
5,3,0.00275,0.06534,0.12490
9,5,0.00000,0.13662,0.46460
5,3,0.00029,0.07755,0.14770
6,4,0.00033,0.07122,0.28690
6,4,0.00039,0.09955,0.28610
5,3,0.00029,0.06876,0.15510
6,4,0.00032,0.08432,0.30390
6,4,0.00054,0.08035,0.28080
1,2,0.00160,0.11245,0.023300
5,3,0.00112,0.06940,0.12660
12,6,0.00000,0.24630,0.0000
5,3,0.00012,0.08587,0.13410
5,3,0.00091,0.06817,0.13690
1,2,0.00131,0.10295,0.034400
9,5,0.00000,0.12901,0.46380
5,3,0.00041,0.08168,0.13920
9,5,0.00000,0.14781,0.47450
6,4,0.00026,0.12055,0.28960
6,4,0.00105,0.06594,0.23640
5,3,0.00104,0.07545,0.00020000
6,4,0.00454,0.06999,0.25610
5,3,0.00085,0.06181,0.13950
9,5,0.00000,0.10729,0.46000
9,5,0.00735,0.11141,0.0021000
6,4,0.00024,0.06832,0.30940
5,3,0.00034,0.06545,0.13310
6,4,0.00033,0.07428,0.30770
5,3,0.00052,0.10027,0.13700
5,3,0.00030,0.04302,0.00030000
5,3,0.00062,0.06407,0.14010
6,4,0.00050,0.08241,0.27300
5,3,0.00018,0.03635,0.00010000
5,3,0.00055,0.05790,0.14630
6,4,0.00610,0.05493,0.20940
9,5,0.00000,0.12706,0.49680
5,3,0.00041,0.07812,0.12650
6,4,0.00026,0.08580,0.29490
6,4,0.00022,0.09471,0.28310
6,4,0.00026,0.08547,0.30680
1,2,0.00143,0.09397,0.026600
6,4,0.00039,0.07927,0.29310
9,5,0.00000,0.14406,0.48360
6,4,0.00031,0.09291,0.30370
9,5,0.00013,0.10946,0.49230
5,3,0.00067,0.07549,0.14240
9,5,0.00039,0.09144,0.43550
5,3,0.00030,0.07069,0.13350
6,4,0.00662,0.04429,0.16710
6,4,0.00682,0.05209,0.20350
5,3,0.00049,0.06988,0.13510
9,5,0.00000,0.10766,0.47410
6,4,0.00501,0.05603,0.23550
6,4,0.00035,0.07420,0.29600
5,3,0.00402,0.06158,0.11710
6,4,0.00025,0.11455,0.30030
9,5,0.00000,0.10403,0.47460
9,5,0.00000,0.11008,0.48660
6,4,0.00000,0.13550,0.26460
5,3,0.00095,0.05936,0.13580
5,3,0.00209,0.04545,0.12840
6,4,0.00018,0.08896,0.30420
5,3,0.00457,0.06127,0.13010
6,4,0.00089,0.06498,0.24580
5,3,0.00052,0.07275,0.14400
5,3,0.00247,0.05756,0.12420
6,4,0.00057,0.05655,0.27120
6,4,0.00029,0.10571,0.28810
5,3,0.00075,0.05612,0.14180
6,4,0.00026,0.06906,0.29770
9,5,0.00012,0.11116,0.49640
1,2,0.00146,0.09879,0.030600
5,3,0.00026,0.08518,0.14520
6,4,0.00047,0.09266,0.27980
6,4,0.00032,0.11048,0.29740
5,3,0.00025,0.02552,0.14960
5,3,0.00006,0.03161,0.13500
5,3,0.00036,0.02812,0.14550
5,3,0.00035,0.02786,0.14430
5,3,0.00029,0.02107,0.14080
6,4,0.00038,0.03228,0.30740
5,3,0.00031,0.02484,0.14940
5,3,0.00027,0.02278,0.14060
5,3,0.00031,0.02604,0.14840
5,3,0.00027,0.02832,0.14990
5,3,0.00028,0.01775,0.13250
5,3,0.00025,0.01628,0.14000
5,3,0.00032,0.02995,0.13820
5,3,0.00029,0.02479,0.14760
1,2,0.00029,0.02219,0.036900
5,3,0.00028,0.02045,0.14440
5,3,0.00032,0.02389,0.14640
5,3,0.00002,0.02793,0.15090
6,4,0.00084,0.04292,0.29370
5,3,0.00010,0.00816,0.00010000
6,4,0.00086,0.08651,0.13310
5,3,0.00044,0.03745,0.12030
5,3,0.00003,0.02534,0.14510
5,3,0.00028,0.02581,0.14760
5,3,0.00004,0.02080,0.15500
15,11,0.00230,0.35311,0.86430
5,3,0.00034,0.02685,0.15050
6,4,0.00092,0.02936,0.29630
5,3,0.00039,0.03019,0.14370
1,2,0.00001,0.02766,0.032000
5,3,0.00036,0.03274,0.14390
5,3,0.00034,0.02762,0.14930
5,3,0.00035,0.03039,0.13840
5,3,0.00031,0.02391,0.14570
5,3,0.00035,0.02930,0.14350
5,3,0.00035,0.02780,0.15170
5,3,0.00037,0.02958,0.14030
5,3,0.00030,0.02505,0.14820
1,2,0.00001,0.02703,0.035800
5,3,0.00073,0.02843,0.13940
5,3,0.00025,0.02306,0.15260
5,3,0.00046,0.04078,0.12490
5,3,0.00025,0.02453,0.15010
6,4,0.00038,0.03086,0.32610
5,3,0.00249,0.01860,0.00010000
5,3,0.00024,0.02590,0.14370
5,3,0.00027,0.01961,0.14050
5,3,0.00002,0.02503,0.15620
6,4,0.00069,0.03961,0.29120
5,3,0.00033,0.02569,0.14610
5,3,0.00031,0.02358,0.14070
5,3,0.00034,0.02703,0.14440
5,3,0.00027,0.01547,0.12930
5,3,0.00076,0.03557,0.14010
5,3,0.00029,0.02020,0.14380
5,3,0.00258,0.02863,0.00010000
5,3,0.00024,0.01728,0.14090
5,3,0.00023,0.01974,0.15260
6,4,0.00042,0.04098,0.28560
5,3,0.00027,0.01718,0.13380
5,3,0.00004,0.02078,0.14540
5,3,0.00031,0.02434,0.14970
5,3,0.00035,0.02708,0.15230
5,3,0.00004,0.02223,0.14760
5,3,0.00037,0.02690,0.14250
5,3,0.00023,0.02171,0.15130
5,3,0.00030,0.01759,0.13020
5,3,0.00043,0.03567,0.13190
9,5,0.00067,0.06451,0.42260
6,4,0.00045,0.05199,0.26630
5,3,0.00038,0.03009,0.14190
5,3,0.00039,0.02962,0.14020
5,3,0.00004,0.02358,0.15190
1,2,0.00001,0.02447,0.036700
5,3,0.00031,0.02795,0.14910
5,3,0.00032,0.02345,0.13760
5,3,0.00033,0.02376,0.14840
5,3,0.00028,0.02165,0.14470
5,3,0.00035,0.01659,0.12670
5,3,0.00048,0.04422,0.14300
5,3,0.00033,0.02309,0.14030
5,3,0.00007,0.02262,0.15010
5,3,0.00026,0.02153,0.15580
5,3,0.00028,0.02043,0.13830
5,3,0.00030,0.02193,0.13610
5,3,0.00005,0.02438,0.14940
5,3,0.00025,0.02704,0.14610
5,3,0.00027,0.01707,0.13660
5,3,0.00040,0.03339,0.13250
5,3,0.00025,0.02143,0.15500
5,3,0.00033,0.02368,0.13930
5,3,0.00039,0.02928,0.15240
5,3,0.00006,0.00902,0.00010000
5,3,0.00027,0.02056,0.00010000
9,5,0.00054,0.04924,0.48110
5,3,0.00030,0.02652,0.14730
5,3,0.00029,0.02149,0.14450
5,3,0.00048,0.04127,0.12140
5,3,0.00032,0.02190,0.13170
5,3,0.00004,0.02682,0.15290
5,3,0.00034,0.02754,0.14670
6,4,0.00040,0.03366,0.31420
5,3,0.00038,0.02955,0.14740
5,3,0.00037,0.04127,0.12300
5,3,0.00051,0.04125,0.13880
5,3,0.00036,0.02824,0.14860
5,3,0.00048,0.03771,0.13310
5,3,0.00008,0.03080,0.14730
5,3,0.00031,0.02271,0.14070
5,3,0.00017,0.02657,0.14310
5,3,0.00029,0.02993,0.14600
5,3,0.00006,0.00944,0.00010000
5,3,0.00004,0.02437,0.14380
5,3,0.00039,0.03024,0.14850
5,3,0.00038,0.02824,0.14530
5,3,0.00031,0.02405,0.14210
5,3,0.00001,0.03900,0.10050
6,4,0.00039,0.03311,0.30010
5,3,0.00028,0.02398,0.14770
5,3,0.00013,0.02551,0.14570
5,3,0.00033,0.02107,0.13240
5,3,0.00034,0.02626,0.14970
5,3,0.00003,0.02667,0.14950
5,3,0.00032,0.02087,0.13560
5,3,0.00030,0.02247,0.15430
6,4,0.00112,0.02971,0.29170
5,3,0.00005,0.02335,0.14200
5,3,0.00031,0.01860,0.12530
5,3,0.00030,0.02519,0.14870
5,3,0.00027,0.01536,0.12710
5,3,0.00034,0.02661,0.13680
5,3,0.00005,0.02477,0.15230
5,3,0.00050,0.01448,0.10770
5,3,0.00030,0.02018,0.13230
5,3,0.00005,0.02478,0.14970
5,3,0.00006,0.02384,0.14110
5,3,0.00005,0.02199,0.14880
5,3,0.00046,0.03778,0.13720
5,3,0.00034,0.02518,0.14940
5,3,0.00028,0.02177,0.15190
6,4,0.00045,0.06087,0.20120
5,3,0.00034,0.02642,0.15210
5,3,0.00039,0.03226,0.13780
6,4,0.00082,0.04055,0.29630
5,3,0.00027,0.01905,0.14270
5,3,0.00003,0.02387,0.14540
5,3,0.00027,0.02388,0.14710
5,3,0.00031,0.02261,0.13990
5,3,0.00045,0.03937,0.12200
5,3,0.00030,0.02370,0.14550
5,3,0.00005,0.01029,0.00020000
5,3,0.00031,0.02826,0.15100
6,4,0.00116,0.07299,0.13010
6,4,0.00034,0.02725,0.30770
9,5,0.00064,0.06167,0.42980
5,3,0.00004,0.02725,0.15120
5,3,0.00031,0.01470,0.12050
5,3,0.00035,0.02631,0.14880
5,3,0.00027,0.02316,0.14680
5,3,0.00014,0.02351,0.15090
5,3,0.00032,0.03083,0.14570
5,3,0.00016,0.03131,0.15080
5,3,0.00021,0.02429,0.14470
5,3,0.00018,0.01090,0.081000
5,3,0.00013,0.02134,0.14870
5,3,0.00003,0.02265,0.14900
5,3,0.00029,0.01861,0.13880
5,3,0.00028,0.03029,0.14230
6,4,0.00099,0.03114,0.29330
5,3,0.00006,0.02509,0.14880
5,3,0.00032,0.01473,0.12380
6,4,0.00049,0.03978,0.29890
5,3,0.00041,0.03369,0.13330
5,3,0.00040,0.03625,0.11520
5,3,0.00034,0.02709,0.13870
5,3,0.00032,0.02629,0.13740
5,3,0.00038,0.02952,0.15180
5,3,0.00040,0.03309,0.13630
5,3,0.00004,0.02517,0.15230
5,3,0.00030,0.02581,0.14310
5,3,0.00025,0.01739,0.12690
5,3,0.00031,0.02940,0.14610
5,3,0.00037,0.02827,0.14820
6,4,0.00036,0.04159,0.29310
5,3,0.00028,0.02127,0.14530
5,3,0.00005,0.00966,0.00010000
5,3,0.00028,0.02777,0.15030
5,3,0.00030,0.02517,0.14390
5,3,0.00031,0.02191,0.13890
5,3,0.00046,0.03668,0.14140
5,3,0.00031,0.02483,0.14770
5,3,0.00003,0.02650,0.14810
5,3,0.00032,0.02227,0.12860
5,3,0.00030,0.02395,0.14850
5,3,0.00029,0.02291,0.15090
5,3,0.00040,0.03135,0.14770
6,4,0.00045,0.03694,0.31560
5,3,0.00003,0.02669,0.15660
5,3,0.00030,0.02340,0.14920
6,4,0.00026,0.04175,0.27310
6,4,0.00105,0.06509,0.13530
5,3,0.00034,0.02928,0.13390
5,3,0.00021,0.02221,0.14900
5,3,0.00012,0.02444,0.14840
5,3,0.00051,0.02877,0.14160
5,3,0.00025,0.02533,0.14990
5,3,0.00022,0.01976,0.14830
6,4,0.00038,0.03142,0.30360
6,4,0.00112,0.06463,0.15330
5,3,0.00033,0.02388,0.14570
5,3,0.00026,0.02261,0.15010
5,3,0.00019,0.02324,0.14660
5,3,0.00033,0.02650,0.14580
5,3,0.00025,0.02796,0.14380
6,4,0.00118,0.03632,0.28420
6,4,0.00113,0.07073,0.12930
6,4,0.00117,0.03615,0.29540
5,3,0.00036,0.03005,0.14530
5,3,0.00021,0.02087,0.14520
5,3,0.00029,0.02127,0.14310
15,11,0.00201,0.33283,0.87730
5,3,0.00003,0.02431,0.15080
6,4,0.00102,0.03093,0.29690
6,4,0.00042,0.03467,0.30510
5,3,0.00037,0.02907,0.14560
5,3,0.00032,0.02688,0.14260
6,4,0.00040,0.03263,0.31050
5,3,0.00042,0.03547,0.13320
6,4,0.00125,0.07653,0.14080
5,3,0.00028,0.02348,0.15110
5,3,0.00023,0.03290,0.13450
5,3,0.00035,0.02763,0.14630
5,3,0.00006,0.01875,0.15020
5,3,0.00033,0.02972,0.14510
6,4,0.00036,0.02999,0.30820
5,3,0.00038,0.03077,0.14200
6,4,0.00109,0.03350,0.29040
5,3,0.00028,0.02000,0.13580
5,3,0.00032,0.02754,0.15030
5,3,0.00034,0.02579,0.14260
5,3,0.00030,0.02076,0.13850
5,3,0.00030,0.02829,0.14540
5,3,0.00004,0.02114,0.14730
5,3,0.00031,0.02102,0.13220
5,3,0.00033,0.02902,0.15700
5,3,0.00042,0.03746,0.11290
5,3,0.00029,0.02103,0.14010
5,3,0.00029,0.01873,0.13040
5,3,0.00031,0.02433,0.15060
5,3,0.00031,0.02387,0.14760
5,3,0.00028,0.01767,0.13200
5,3,0.00025,0.02751,0.14810
5,3,0.00005,0.02266,0.14710
5,3,0.00029,0.02468,0.14280
5,3,0.00030,0.02280,0.13860
1,2,0.00001,0.03553,0.034100
5,3,0.00022,0.02347,0.14730
5,3,0.00030,0.01568,0.11500
5,3,0.00032,0.02585,0.13800
5,3,0.00025,0.01957,0.13650
5,3,0.00028,0.01025,0.081300
5,3,0.00034,0.02705,0.14610
5,3,0.00005,0.02602,0.15330
5,3,0.00032,0.02680,0.15210
5,3,0.00014,0.02468,0.14500
5,3,0.00023,0.02259,0.15100
5,3,0.00036,0.02841,0.14200
6,4,0.00126,0.03840,0.29640
5,3,0.00026,0.02375,0.14420
5,3,0.00035,0.02881,0.14520
5,3,0.00037,0.02929,0.14840
5,3,0.00030,0.02304,0.14030
5,3,0.00007,0.01855,0.14810
5,3,0.00026,0.01910,0.14290
5,3,0.00031,0.02418,0.14740
5,3,0.00033,0.02270,0.14290
5,3,0.00045,0.03714,0.13260
5,3,0.00016,0.02543,0.14720
5,3,0.00004,0.02535,0.14560
5,3,0.00024,0.02237,0.14900
5,3,0.00033,0.02876,0.14680
5,3,0.00003,0.02736,0.15120
5,3,0.00031,0.02389,0.14350
5,3,0.00032,0.02384,0.14410
5,3,0.00029,0.01978,0.14360
5,3,0.00026,0.02400,0.15190
6,4,0.00101,0.03245,0.29950
6,4,0.00049,0.04581,0.25710
5,3,0.00065,0.03228,0.14010
5,3,0.00032,0.02544,0.14580
5,3,0.00030,0.02814,0.13630
5,3,0.00028,0.01939,0.13950
5,3,0.00014,0.02452,0.14460
5,3,0.00034,0.02832,0.14180
5,3,0.00033,0.02562,0.14580
5,3,0.00038,0.02969,0.14970
5,3,0.00035,0.02760,0.14490
5,3,0.00029,0.02621,0.14820
5,3,0.00044,0.03790,0.12080
5,3,0.00004,0.02166,0.15440
5,3,0.00031,0.02063,0.13200
5,3,0.00033,0.02178,0.13350
5,3,0.00032,0.02355,0.14340
6,4,0.00089,0.05865,0.14320
5,3,0.00026,0.01928,0.14650
5,3,0.00030,0.02225,0.14820
5,3,0.00025,0.01619,0.13440
5,3,0.00031,0.02151,0.14030
5,3,0.00028,0.03127,0.14710
5,3,0.00029,0.02065,0.13920
5,3,0.00027,0.02427,0.14940
5,3,0.00036,0.02832,0.14580
5,3,0.00030,0.02224,0.14950
5,3,0.00019,0.02604,0.14790
6,4,0.00122,0.07581,0.12900
5,3,0.00029,0.02013,0.14610
5,3,0.00032,0.01910,0.13690
5,3,0.00038,0.02886,0.14260
5,3,0.00006,0.02339,0.14880
5,3,0.00028,0.02874,0.15160
5,3,0.00030,0.02894,0.14220
5,3,0.00040,0.02584,0.14730
5,3,0.00027,0.01952,0.13800
5,3,0.00003,0.02440,0.14530
6,4,0.00064,0.03064,0.30030
5,3,0.00026,0.01839,0.13760
5,3,0.00031,0.02344,0.00010000
5,3,0.00046,0.03728,0.13410
5,3,0.00034,0.02653,0.14770
5,3,0.00031,0.02195,0.13480
5,3,0.00031,0.02578,0.14650
6,4,0.00051,0.03440,0.30090
5,3,0.00033,0.02508,0.14570
5,3,0.00034,0.03303,0.13510
5,3,0.00041,0.03179,0.14250
5,3,0.00035,0.02657,0.14590
5,3,0.00033,0.02504,0.14710
5,3,0.00096,0.02411,0.13670
5,3,0.00035,0.03209,0.14150
6,4,0.00072,0.03603,0.29290
5,3,0.00033,0.02524,0.14430
5,3,0.00032,0.02484,0.15080
6,4,0.00044,0.03626,0.31250
5,3,0.00018,0.02862,0.14460
5,3,0.00011,0.02341,0.15780
5,3,0.00034,0.02641,0.15360
5,3,0.00003,0.03044,0.15190
5,3,0.00025,0.01808,0.14240
5,3,0.00005,0.02537,0.15000
5,3,0.00036,0.02819,0.14550
6,4,0.00124,0.03754,0.29600
5,3,0.00034,0.02725,0.14300
5,3,0.00029,0.02585,0.14630
5,3,0.00038,0.03082,0.14330
5,3,0.00112,0.00811,0.057800
5,3,0.00001,0.04685,0.10640
5,3,0.00031,0.02378,0.14570
6,4,0.00122,0.03774,0.28450
5,3,0.00032,0.02562,0.14600
5,3,0.00027,0.02814,0.14410
5,3,0.00035,0.02464,0.14220
5,3,0.00040,0.03128,0.13360
5,3,0.00030,0.01917,0.13050
5,3,0.00028,0.02551,0.14900
5,3,0.00026,0.02175,0.14820
5,3,0.00033,0.02630,0.15380
5,3,0.00028,0.02220,0.14680
6,4,0.00089,0.03425,0.29710
5,3,0.00032,0.02308,0.13770
5,3,0.00029,0.02713,0.14290
5,3,0.00015,0.02346,0.14980
5,3,0.00029,0.02247,0.14870
5,3,0.00023,0.01891,0.14650
15,11,0.00210,0.34306,0.88110
5,3,0.00033,0.01987,0.13130
6,4,0.00105,0.03259,0.29050
6,4,0.00116,0.07277,0.12640
6,4,0.00113,0.06887,0.16430
6,4,0.00095,0.02987,0.28490
5,3,0.00028,0.02047,0.15090
1,2,0.00043,0.03576,0.031500
5,3,0.00038,0.02889,0.15140
5,3,0.00026,0.01951,0.14760
5,3,0.00038,0.03216,0.13200
5,3,0.00024,0.02196,0.14790
5,3,0.00029,0.02633,0.14710
5,3,0.00032,0.02191,0.13230
5,3,0.00008,0.02938,0.15240
5,3,0.00024,0.02644,0.15540
5,3,0.00028,0.02221,0.15000
6,4,0.00114,0.03440,0.29660
5,3,0.00027,0.02383,0.15220
5,3,0.00036,0.02800,0.14400
6,4,0.00037,0.03105,0.31090
5,3,0.00015,0.02463,0.14640
5,3,0.00033,0.02265,0.13570
5,3,0.00030,0.02429,0.14270
6,4,0.00076,0.03299,0.29690
5,3,0.00027,0.01993,0.15010
5,3,0.00039,0.03215,0.13760
5,3,0.00015,0.02779,0.14740
5,3,0.00041,0.03241,0.14710
5,3,0.00029,0.02554,0.14380
5,3,0.00011,0.02509,0.14630
5,3,0.00038,0.02979,0.13860
6,4,0.00065,0.04339,0.30280
5,3,0.00006,0.02766,0.14880
5,3,0.00034,0.02929,0.13100
5,3,0.00031,0.02763,0.15150
5,3,0.00033,0.02565,0.14690
5,3,0.00035,0.03780,0.13950
5,3,0.00033,0.02288,0.13200
5,3,0.00026,0.02614,0.15290
6,4,0.00058,0.03804,0.30460
5,3,0.00016,0.02076,0.14150
5,3,0.00036,0.02781,0.14950
5,3,0.00028,0.01582,0.00040000
5,3,0.00035,0.02908,0.14250
5,3,0.00041,0.03231,0.14500
6,4,0.00055,0.03475,0.30930
6,4,0.00053,0.04381,0.31020
5,3,0.00028,0.02144,0.14450
5,3,0.00003,0.02977,0.14730
5,3,0.00029,0.02337,0.14610
5,3,0.00030,0.02152,0.13840
6,4,0.00047,0.03841,0.30890
5,3,0.00020,0.02746,0.14290
6,4,0.00116,0.03562,0.29490
5,3,0.00040,0.03143,0.14310
5,3,0.00028,0.02603,0.14920
5,3,0.00029,0.02621,0.15270
5,3,0.00034,0.02659,0.14480
5,3,0.00043,0.03578,0.13310
5,3,0.00024,0.01613,0.12490
5,3,0.00025,0.02285,0.14450
6,4,0.00104,0.06590,0.13660
5,3,0.00042,0.03488,0.13680
5,3,0.00039,0.03016,0.14180
5,3,0.00040,0.03279,0.14150
5,3,0.00003,0.02266,0.14810
6,4,0.00072,0.03603,0.28870
5,3,0.00029,0.02098,0.14550
5,3,0.00038,0.02891,0.14660
5,3,0.00032,0.02385,0.14650
5,3,0.00031,0.02311,0.15060
5,3,0.00030,0.02286,0.14620
5,3,0.00033,0.02704,0.14710
5,3,0.00026,0.01913,0.13980
5,3,0.00005,0.02210,0.14260
6,4,0.00052,0.03511,0.30120
5,3,0.00003,0.02392,0.14860
5,3,0.00039,0.03082,0.13380
5,3,0.00020,0.02644,0.14200
5,3,0.00032,0.02424,0.13970
5,3,0.00001,0.04703,0.095300
5,3,0.00027,0.02909,0.15200
5,3,0.00037,0.03005,0.14530
5,3,0.00107,0.02764,0.13450
5,3,0.00025,0.02334,0.14570
5,3,0.00030,0.02350,0.14820
5,3,0.00032,0.02497,0.14100
5,3,0.00027,0.02059,0.14810
5,3,0.00040,0.03151,0.13990
5,3,0.00016,0.02729,0.14500
5,3,0.00015,0.01948,0.15210
6,4,0.00041,0.03414,0.31240
5,3,0.00029,0.02582,0.14520
5,3,0.00030,0.02053,0.13840
5,3,0.00028,0.02088,0.14410
5,3,0.00024,0.01801,0.14230
5,3,0.00012,0.02502,0.15470
5,3,0.00006,0.02806,0.14750
5,3,0.00033,0.02475,0.14390
15,11,0.00167,0.24945,0.82050
5,3,0.00018,0.02443,0.14530
5,3,0.00208,0.02891,0.00020000
6,4,0.00063,0.03961,0.30180
5,3,0.00030,0.02628,0.15050
5,3,0.00015,0.02690,0.14980
5,3,0.00039,0.03002,0.14020
5,3,0.00036,0.02706,0.14610
5,3,0.00035,0.02688,0.14040
6,4,0.00086,0.05398,0.16510
5,3,0.00001,0.04308,0.10110
5,3,0.00050,0.04314,0.12220
5,3,0.00031,0.02178,0.13800
6,4,0.00117,0.07289,0.14380
5,3,0.00034,0.02682,0.14480
5,3,0.00041,0.02554,0.14920
5,3,0.00035,0.02673,0.14640
9,5,0.00066,0.06269,0.43380
1,2,0.00001,0.02549,0.037200
5,3,0.00031,0.02487,0.14320
5,3,0.00032,0.02447,0.15220
5,3,0.00029,0.02097,0.14100
5,3,0.00033,0.02477,0.14290
5,3,0.00003,0.02682,0.14770
5,3,0.00030,0.02196,0.14090
5,3,0.00014,0.02582,0.15440
5,3,0.00023,0.02318,0.15580
5,3,0.00002,0.00537,0.15420
5,3,0.00012,0.00442,0.14300
5,3,0.00006,0.00413,0.14660
5,3,0.00000,0.00608,0.15080
1,2,0.00000,0.00623,0.032600
5,3,0.00019,0.00509,0.14790
5,3,0.00001,0.00468,0.14950
5,3,0.00023,0.00632,0.14280
13,8,0.00044,0.01265,0.84740
5,3,0.00000,0.00560,0.15660
6,4,0.00023,0.00504,0.29290
5,3,0.00002,0.00523,0.15760
6,4,0.00000,0.01609,0.11840
6,4,0.00009,0.00578,0.32420
5,3,0.00005,0.00400,0.14660
5,3,0.00001,0.00528,0.15280
5,3,0.00003,0.00555,0.14870
9,5,0.00000,0.00533,0.41500
5,3,0.00017,0.00470,0.14410
5,3,0.00001,0.00520,0.15700
5,3,0.00000,0.00506,0.15840
5,3,0.00000,0.00508,0.14490
5,3,0.00003,0.00459,0.14840
5,3,0.00001,0.00591,0.15910
5,3,0.00003,0.00519,0.15690
5,3,0.00011,0.00469,0.15050
5,3,0.00001,0.00492,0.15470
5,3,0.00000,0.00557,0.14970
5,3,0.00003,0.00517,0.15330
5,3,0.00001,0.00593,0.15100
5,3,0.00000,0.00605,0.15600
5,3,0.00000,0.00572,0.15440
5,3,0.00009,0.00428,0.14720
5,3,0.00005,0.00448,0.14350
5,3,0.00000,0.00501,0.15630
6,4,0.00019,0.00426,0.27180
5,3,0.00003,0.00494,0.14700
6,4,0.00020,0.00555,0.30490
5,3,0.00002,0.00649,0.15000
5,3,0.00000,0.00614,0.15160
5,3,0.00000,0.00531,0.15490
5,3,0.00002,0.00469,0.15280
6,4,0.00000,0.00681,0.32760
5,3,0.00001,0.00458,0.15910
5,3,0.00000,0.00496,0.15340
5,3,0.00006,0.00422,0.14570
5,3,0.00002,0.00501,0.14930
15,18,0.00174,0.09386,0.99800
6,4,0.00026,0.00485,0.28080
5,3,0.00012,0.00490,0.14570
5,3,0.00001,0.00493,0.15060
5,3,0.00001,0.00563,0.15630
5,3,0.00019,0.00472,0.14570
5,3,0.00002,0.00519,0.14990
5,3,0.00010,0.00514,0.14580
1,2,0.00001,0.00327,0.036900
6,4,0.00019,0.00590,0.30320
5,3,0.00007,0.00444,0.14410
5,3,0.00005,0.00428,0.14090
5,3,0.00005,0.00416,0.14750
5,3,0.00002,0.00515,0.15560
6,4,0.00019,0.00562,0.29600
5,3,0.00001,0.00504,0.15210
6,4,0.00058,0.00724,0.24360
5,3,0.00001,0.00477,0.15730
5,3,0.00001,0.00520,0.15810
5,3,0.00001,0.00471,0.14940
6,4,0.00023,0.00523,0.28770
5,3,0.00004,0.00513,0.15120
5,3,0.00001,0.00541,0.15070
5,3,0.00001,0.00403,0.14140
5,3,0.00002,0.00433,0.14770
5,3,0.00000,0.00497,0.15760
5,3,0.00001,0.00492,0.15590
5,3,0.00005,0.00425,0.14440
5,3,0.00000,0.00486,0.15070
5,3,0.00010,0.00473,0.14500
5,3,0.00002,0.00609,0.15620
5,3,0.00005,0.00421,0.14700
5,3,0.00001,0.00527,0.14800
6,4,0.00000,0.00524,0.29860
5,3,0.00000,0.00496,0.15170
5,3,0.00001,0.00461,0.15520
5,3,0.00001,0.00474,0.15370
5,3,0.00005,0.00390,0.14670
5,3,0.00001,0.00578,0.14810
5,3,0.00024,0.00612,0.13990
5,3,0.00000,0.00485,0.14940
5,3,0.00007,0.00428,0.14640
5,3,0.00001,0.00582,0.15480
5,3,0.00005,0.00420,0.14160
5,3,0.00004,0.00380,0.13690
15,16,0.00270,0.01094,0.94550
5,3,0.00004,0.00570,0.15120
5,3,0.00000,0.00536,0.15100
6,4,0.00021,0.00520,0.28580
5,3,0.00000,0.00522,0.15150
5,3,0.00002,0.00581,0.14710
5,3,0.00001,0.00509,0.15230
15,23,0.00237,0.02877,0.99940
6,4,0.00018,0.00501,0.28690
5,3,0.00001,0.00598,0.14510
5,3,0.00001,0.00449,0.15370
5,3,0.00000,0.00613,0.14540
5,3,0.00000,0.00557,0.15200
5,3,0.00004,0.00387,0.14150
5,3,0.00000,0.00530,0.15520
6,4,0.00027,0.00499,0.28200
5,3,0.00001,0.00508,0.15190
5,3,0.00024,0.00581,0.13910
5,3,0.00001,0.00506,0.14660
5,3,0.00002,0.00466,0.14520
5,3,0.00006,0.00414,0.15060
5,3,0.00015,0.00440,0.14690
14,10,0.00490,0.05885,0.051900
5,3,0.00000,0.00496,0.15490
5,3,0.00002,0.00539,0.15220
6,4,0.00025,0.00502,0.28530
13,7,0.00000,0.00661,0.00030000
5,3,0.00002,0.00519,0.14940
5,3,0.00000,0.00549,0.15600
5,3,0.00010,0.00523,0.14940
5,3,0.00000,0.00566,0.14910
5,3,0.00016,0.00436,0.00040000
5,3,0.00005,0.00393,0.14130
6,4,0.00000,0.01535,0.10290
6,4,0.00030,0.00494,0.27800
5,3,0.00003,0.00420,0.14010
9,5,0.00000,0.00789,0.52720
5,3,0.00000,0.00572,0.14900
9,5,0.00028,0.00619,0.46920
6,4,0.00017,0.00528,0.30540
5,3,0.00001,0.00532,0.14560
5,3,0.00001,0.00542,0.15650
5,3,0.00005,0.00408,0.14290
5,3,0.00003,0.00470,0.15010
5,3,0.00001,0.00405,0.14310
5,3,0.00001,0.00521,0.15370
5,3,0.00000,0.00523,0.15340
5,3,0.00009,0.00516,0.15150
5,3,0.00000,0.00589,0.15480
5,3,0.00001,0.00559,0.15320
5,3,0.00002,0.00437,0.14680
6,4,0.00000,0.01507,0.12770
5,3,0.00003,0.00524,0.15430
5,3,0.00004,0.00453,0.15050
5,3,0.00001,0.00475,0.15750
15,18,0.00181,0.09133,0.99660
5,3,0.00004,0.00400,0.13910
6,4,0.00030,0.00518,0.28630
9,5,0.00000,0.01037,0.52530
5,3,0.00001,0.00578,0.15360
5,3,0.00005,0.00537,0.15060
9,5,0.00000,0.00576,0.48240
5,3,0.00002,0.00519,0.15900
5,3,0.00002,0.00410,0.14540
5,3,0.00010,0.00506,0.14870
1,2,0.00002,0.00455,0.040300
5,3,0.00002,0.00547,0.14630
6,4,0.00056,0.00562,0.26720
5,3,0.00017,0.00740,0.00020000
5,3,0.00021,0.00607,0.13700
5,3,0.00006,0.00423,0.14500
5,3,0.00001,0.00530,0.15500
5,3,0.00000,0.00507,0.15490
5,3,0.00011,0.00469,0.14140
5,3,0.00000,0.00601,0.15860
15,20,0.00176,0.01730,0.98920
5,3,0.00001,0.00501,0.14800
5,3,0.00003,0.00512,0.14820
5,3,0.00005,0.00415,0.14470
5,3,0.00009,0.00486,0.14880
5,3,0.00004,0.00420,0.15020
5,3,0.00009,0.00483,0.15340
5,3,0.00002,0.00516,0.15700
5,3,0.00006,0.00422,0.14290
14,9,0.00210,0.00466,0.56480
5,3,0.00000,0.00655,0.14640
9,5,0.00000,0.00825,0.52600
5,3,0.00001,0.00516,0.16150
5,3,0.00001,0.00512,0.15310
5,3,0.00000,0.00608,0.15720
5,3,0.00003,0.00480,0.14690
5,3,0.00002,0.00418,0.14310
9,5,0.00004,0.00942,0.51750
6,4,0.00021,0.00506,0.28620
5,3,0.00012,0.00524,0.14540
5,3,0.00002,0.00465,0.14980
5,3,0.00000,0.00542,0.16060
9,5,0.00000,0.00787,0.53070
5,3,0.00000,0.00402,0.14680
5,3,0.00001,0.00569,0.15540
5,3,0.00002,0.00495,0.15760
5,3,0.00003,0.00567,0.15990
6,4,0.00032,0.00526,0.28340
5,3,0.00003,0.00435,0.14250
5,3,0.00002,0.00502,0.15490
5,3,0.00025,0.00386,0.00020000
5,3,0.00001,0.00590,0.15920
1,2,0.00002,0.00488,0.039600
5,3,0.00001,0.00562,0.15920
5,3,0.00004,0.00565,0.15910
6,4,0.00019,0.00510,0.28790
5,3,0.00009,0.00520,0.15570
5,3,0.00001,0.00526,0.15190
5,3,0.00004,0.00405,0.13870
5,3,0.00000,0.00605,0.15190
5,3,0.00002,0.00524,0.14900
6,4,0.00019,0.00567,0.30420
6,4,0.00025,0.00502,0.27560
6,4,0.00020,0.00478,0.28620
5,3,0.00001,0.00493,0.15760
6,4,0.00103,0.00630,0.22020
6,4,0.00018,0.00594,0.30090
6,4,0.00021,0.00490,0.29090
5,3,0.00002,0.00548,0.14660
5,3,0.00005,0.00418,0.14480
5,3,0.00000,0.00547,0.15210
5,3,0.00000,0.00547,0.15330
5,3,0.00000,0.00452,0.15660
5,3,0.00000,0.00598,0.15360
5,3,0.00000,0.00549,0.15270
5,3,0.00004,0.00432,0.13590
5,3,0.00001,0.00537,0.15750
5,3,0.00002,0.00522,0.15740
5,3,0.00003,0.00471,0.15680
1,2,0.00000,0.00612,0.033500
1,2,0.00001,0.00583,0.035500
9,5,0.00010,0.01403,0.35320
5,3,0.00003,0.00372,0.14390
5,3,0.00001,0.00472,0.15850
5,3,0.00002,0.00570,0.15020
5,3,0.00001,0.00483,0.15130
9,5,0.00002,0.00867,0.53280
6,4,0.00027,0.00496,0.29080
5,3,0.00012,0.00521,0.14480
5,3,0.00001,0.00553,0.15510
5,3,0.00005,0.00428,0.14240
1,2,0.00005,0.00494,0.039100
5,3,0.00002,0.00490,0.15480
5,3,0.00001,0.00586,0.15030
6,4,0.00023,0.00461,0.28260
6,4,0.00039,0.00680,0.27750
13,8,0.00053,0.02052,0.68600
5,3,0.00002,0.00428,0.15090
5,3,0.00000,0.00619,0.14480
6,4,0.00000,0.01557,0.10270
5,3,0.00004,0.00586,0.14890
5,3,0.00004,0.00401,0.14420
5,3,0.00001,0.00547,0.15500
14,13,0.00183,0.00968,0.91830
12,6,0.00000,0.00583,0.0000
5,3,0.00001,0.00496,0.15210
5,3,0.00004,0.00507,0.15030
5,3,0.00005,0.00417,0.14620
9,5,0.00000,0.00754,0.53420
9,5,0.00011,0.00890,0.50840
5,3,0.00002,0.00475,0.15270
6,4,0.00020,0.00465,0.29550
5,3,0.00002,0.00525,0.15610
5,3,0.00009,0.00479,0.14350
1,2,0.00000,0.00493,0.042700
5,3,0.00000,0.00552,0.15200
9,5,0.00090,0.00365,0.30430
5,3,0.00003,0.00465,0.15330
5,3,0.00003,0.00495,0.15380
5,3,0.00008,0.00447,0.14190
5,3,0.00000,0.00584,0.15130
5,3,0.00003,0.00466,0.15490
5,3,0.00000,0.00577,0.15620
5,3,0.00006,0.00424,0.14270
1,2,0.00000,0.00572,0.037000
5,3,0.00001,0.00633,0.15180
5,3,0.00002,0.00484,0.15380
5,3,0.00002,0.00522,0.15320
5,3,0.00002,0.00586,0.14770
5,3,0.00004,0.00424,0.14910
6,4,0.00025,0.00519,0.28170
9,5,0.00000,0.00637,0.49790
5,3,0.00022,0.00577,0.14140
5,3,0.00010,0.00460,0.14770
5,3,0.00001,0.00517,0.15610
5,3,0.00001,0.00538,0.15590
5,3,0.00012,0.00507,0.15120
5,3,0.00000,0.00549,0.15690
5,3,0.00002,0.00510,0.15320
5,3,0.00000,0.00535,0.15810
5,3,0.00000,0.00708,0.14570
5,3,0.00001,0.00532,0.15330
5,3,0.00003,0.00393,0.13350
5,3,0.00001,0.00473,0.14730
5,3,0.00004,0.00444,0.14630
6,4,0.00020,0.00562,0.30230
5,3,0.00006,0.00421,0.13980
9,5,0.00000,0.00725,0.53240
5,3,0.00005,0.00411,0.14170
6,4,0.00020,0.00484,0.28010
5,3,0.00003,0.00507,0.15480
5,3,0.00001,0.00521,0.15370
5,3,0.00001,0.00520,0.15080
5,3,0.00005,0.00431,0.14930
5,3,0.00000,0.00560,0.15620
6,4,0.00044,0.00473,0.24940
5,3,0.00001,0.00551,0.15700
5,3,0.00004,0.00365,0.14230
1,2,0.00000,0.00504,0.038700
14,9,0.00173,0.00358,0.52350
5,3,0.00003,0.00538,0.15360
5,3,0.00000,0.00494,0.14640
5,3,0.00001,0.00573,0.15230
5,3,0.00000,0.00518,0.15140
5,3,0.00002,0.00538,0.15140
5,3,0.00001,0.00497,0.15290
5,3,0.00002,0.00478,0.16200
6,4,0.00021,0.00487,0.28900
6,4,0.00035,0.00691,0.29270
9,5,0.00000,0.00528,0.41520
5,3,0.00000,0.00540,0.14880
5,3,0.00004,0.00581,0.15690
5,3,0.00000,0.00523,0.15890
5,3,0.00001,0.00522,0.15580
5,3,0.00002,0.00570,0.15040
5,3,0.00001,0.00539,0.15980
5,3,0.00024,0.00621,0.13460
5,3,0.00006,0.00412,0.15300
5,3,0.00001,0.00529,0.15450
6,4,0.00024,0.00487,0.27810
14,10,0.00487,0.05525,0.025100
5,3,0.00000,0.00584,0.14520
9,5,0.00000,0.00735,0.52650
5,3,0.00001,0.00188,0.00010000
14,9,0.00210,0.00466,0.56830
6,4,0.00020,0.00490,0.28460
9,5,0.00000,0.00615,0.48870
5,3,0.00002,0.00443,0.15310
5,3,0.00001,0.00511,0.15720
5,3,0.00001,0.00519,0.15880
5,3,0.00001,0.00427,0.14280
5,3,0.00001,0.00521,0.15110
6,4,0.00027,0.00514,0.28990
5,3,0.00001,0.00483,0.15630
5,3,0.00008,0.00473,0.14620
5,3,0.00001,0.00516,0.15360
5,3,0.00003,0.00496,0.15720
5,3,0.00002,0.00480,0.15530
5,3,0.00009,0.00462,0.14970
9,5,0.00000,0.00807,0.53280
5,3,0.00002,0.00503,0.15150
5,3,0.00009,0.00475,0.15160
6,4,0.00028,0.00464,0.27150
5,3,0.00000,0.00634,0.15180
5,3,0.00003,0.00382,0.13390
5,3,0.00002,0.00511,0.15680
5,3,0.00002,0.00513,0.14740
5,3,0.00001,0.00516,0.15040
5,3,0.00000,0.00511,0.15050
5,3,0.00000,0.00491,0.15060
9,5,0.00000,0.00871,0.52850
5,3,0.00007,0.00460,0.15180
5,3,0.00002,0.00539,0.15560
5,3,0.00001,0.00473,0.15290
13,8,0.00091,0.00563,0.61880
9,5,0.00000,0.00573,0.44000
5,3,0.00000,0.00607,0.14160
5,3,0.00000,0.00613,0.15690
5,3,0.00002,0.00559,0.15140
5,3,0.00005,0.00421,0.14770
9,5,0.00001,0.01028,0.50370
5,3,0.00002,0.00496,0.15810
5,3,0.00000,0.00564,0.15520
14,10,0.00490,0.05743,0.040900
5,3,0.00006,0.00450,0.14510
5,3,0.00000,0.00555,0.15790
5,3,0.00000,0.00507,0.15440
14,15,0.00222,0.00980,0.93890
5,3,0.00002,0.00515,0.15540
5,3,0.00003,0.00395,0.14290
5,3,0.00000,0.00609,0.15010
5,3,0.00003,0.00441,0.14840
5,3,0.00002,0.00518,0.14740
5,3,0.00008,0.00447,0.14810
5,3,0.00001,0.00484,0.15510
5,3,0.00002,0.00528,0.15840
5,3,0.00000,0.00586,0.15630
5,3,0.00011,0.00503,0.14720
5,3,0.00002,0.00486,0.15290
6,4,0.00025,0.00614,0.30460
9,5,0.00000,0.00697,0.51170
13,7,0.00129,0.00413,0.43740
5,3,0.00016,0.00419,0.13840
5,3,0.00001,0.00459,0.14820
6,4,0.00026,0.00591,0.28910
5,3,0.00000,0.00495,0.15540
9,5,0.00000,0.00351,0.26000
5,3,0.00001,0.00408,0.14760
13,7,0.00000,0.00462,0.0026000
5,3,0.00000,0.00572,0.15200
15,17,0.00279,0.01111,0.95170
5,3,0.00002,0.00525,0.15390
5,3,0.00006,0.00453,0.14280
6,4,0.00050,0.00739,0.26200
5,3,0.00001,0.00426,0.14370
6,4,0.00080,0.00563,0.23860
5,3,0.00003,0.00483,0.15090
5,3,0.00000,0.00512,0.14940
5,3,0.00003,0.00412,0.14640
9,5,0.00000,0.00623,0.49020
15,16,0.00148,0.06140,0.99690
5,3,0.00001,0.00510,0.15270
5,3,0.00002,0.00603,0.14870
9,5,0.00036,0.00651,0.45960
5,3,0.00005,0.00418,0.15010
5,3,0.00000,0.00532,0.15640
5,3,0.00003,0.00468,0.14670
6,4,0.00054,0.00747,0.25600
5,3,0.00000,0.00516,0.15380
5,3,0.00000,0.00591,0.14780
5,3,0.00006,0.00442,0.14750
5,3,0.00009,0.00460,0.15610
1,2,0.00000,0.00570,0.034700
5,3,0.00013,0.00450,0.14110
5,3,0.00002,0.00377,0.13890
5,3,0.00000,0.00512,0.15220
15,19,0.00190,0.12798,0.99650
5,3,0.00001,0.00544,0.14690
1,2,0.00000,0.00540,0.037400
9,5,0.00000,0.00642,0.50520
6,4,0.00000,0.00994,0.24350
5,3,0.00000,0.00541,0.15180
5,3,0.00005,0.00393,0.14080
5,3,0.00023,0.00516,0.14520
6,4,0.00028,0.00521,0.29130
5,3,0.00005,0.00419,0.14420
5,3,0.00001,0.00572,0.15490
9,5,0.00014,0.00869,0.50400
5,3,0.00003,0.00464,0.15360
5,3,0.00011,0.00484,0.15420
5,3,0.00001,0.00477,0.14750
5,3,0.00002,0.00523,0.14710
5,3,0.00004,0.00393,0.13930
5,3,0.00005,0.00406,0.14760
5,3,0.00019,0.00575,0.13980
5,3,0.00004,0.00421,0.14360
12,6,0.00037,0.01261,0.50290
6,4,0.00017,0.00568,0.30440
9,5,0.00032,0.00523,0.40210
6,4,0.00019,0.00483,0.28460
5,3,0.00002,0.00527,0.15420
5,3,0.00000,0.00520,0.15320
5,3,0.00007,0.00449,0.14900
5,3,0.00005,0.00415,0.13880
6,4,0.00019,0.00489,0.28870
12,6,0.00000,0.00673,0.00010000
6,4,0.00020,0.00555,0.30390
5,3,0.00005,0.00425,0.14080
5,3,0.00000,0.00512,0.15820
5,3,0.00002,0.00428,0.14610
5,3,0.00002,0.00590,0.15090
6,4,0.00028,0.00505,0.28870
5,3,0.00002,0.00491,0.15590
5,3,0.00024,0.00568,0.14060
5,3,0.00006,0.00448,0.15060
5,3,0.00007,0.00440,0.14410
5,3,0.00020,0.00473,0.14590
5,3,0.00002,0.00476,0.15320
5,3,0.00019,0.00583,0.14580
5,3,0.00000,0.00618,0.15040
5,3,0.00001,0.00462,0.15580
5,3,0.00002,0.00626,0.14710
5,3,0.00006,0.00469,0.14900
5,3,0.00004,0.00435,0.14490
5,3,0.00023,0.00604,0.13740
5,3,0.00001,0.00552,0.14890
9,5,0.00000,0.00781,0.53050
5,3,0.00002,0.00518,0.14560
5,3,0.00004,0.00442,0.14620
5,3,0.00005,0.00420,0.15370
5,3,0.00001,0.00600,0.15560
6,4,0.00014,0.00560,0.31070
5,3,0.00001,0.00551,0.15530
5,3,0.00001,0.00463,0.15640
5,3,0.00003,0.00427,0.15400
5,3,0.00001,0.00479,0.15460
5,3,0.00005,0.00411,0.14540
5,3,0.00000,0.00549,0.15530
5,3,0.00002,0.00521,0.15480
5,3,0.00002,0.00498,0.15420
6,4,0.00028,0.00540,0.28750
13,8,0.00169,0.00371,0.46160
5,3,0.00000,0.00481,0.15680
9,5,0.00000,0.01056,0.50200
6,4,0.00029,0.00493,0.28750
6,4,0.00020,0.00557,0.30500
5,3,0.00000,0.00501,0.15710
6,4,0.00025,0.00593,0.30130
6,4,0.00035,0.00682,0.28780
5,3,0.00000,0.00513,0.15140
1,2,0.00000,0.00467,0.037700
5,3,0.00003,0.00361,0.14020
5,3,0.00000,0.00542,0.15260
5,3,0.00000,0.00077,0.15280
5,3,0.00001,0.00059,0.14640
6,4,0.00066,0.00068,0.065200
12,6,0.00005,0.00247,0.27420
5,3,0.00000,0.00057,0.14630
5,3,0.00001,0.00067,0.14990
6,4,0.00031,0.00095,0.11750
5,3,0.00001,0.00057,0.14660
9,5,0.00001,0.00065,0.35420
9,5,0.00000,0.00090,0.49330
5,3,0.00000,0.00076,0.15750
5,3,0.00000,0.00055,0.14540
5,3,0.00001,0.00060,0.14420
5,3,0.00000,0.00069,0.15510
5,3,0.00000,0.00065,0.15440
1,2,0.00000,0.00065,0.038500
9,5,0.00000,0.00097,0.50680
14,18,0.00052,0.00100,0.86600
13,8,0.00101,0.00047,0.12930
5,3,0.00000,0.00061,0.14680
5,3,0.00001,0.00068,0.15250
5,3,0.00000,0.00077,0.15500
5,3,0.00000,0.00055,0.13820
5,3,0.00001,0.00058,0.13880
9,5,0.00004,0.00250,0.21010
9,5,0.00000,0.00077,0.43460
5,3,0.00000,0.00071,0.15330
5,3,0.00000,0.00068,0.15300
9,5,0.00014,0.00058,0.30500
5,3,0.00000,0.00081,0.15260
5,3,0.00000,0.00059,0.14820
6,4,0.00006,0.00068,0.27040
5,3,0.00000,0.00061,0.14940
5,3,0.00000,0.00078,0.16240
5,3,0.00001,0.00061,0.14560
5,3,0.00001,0.00061,0.14940
6,4,0.00005,0.00165,0.18510
5,3,0.00001,0.00066,0.14410
5,3,0.00000,0.00071,0.15810
5,3,0.00001,0.00060,0.14150
5,3,0.00005,0.00098,0.12410
5,3,0.00003,0.00073,0.14180
5,3,0.00001,0.00058,0.14830
5,3,0.00000,0.00071,0.14860
9,5,0.00006,0.00076,0.42690
5,3,0.00000,0.00070,0.15100
5,3,0.00000,0.00085,0.15310
5,3,0.00000,0.00072,0.15300
5,3,0.00002,0.00067,0.14820
6,4,0.00004,0.00075,0.28680
5,3,0.00000,0.00087,0.15290
5,3,0.00001,0.00059,0.14940
6,4,0.00015,0.00085,0.22170
6,4,0.00001,0.00116,0.31450
13,7,0.00000,0.00110,0.00020000
6,4,0.00005,0.00076,0.28110
5,3,0.00001,0.00063,0.14510
5,3,0.00002,0.00070,0.14800
15,21,0.00033,0.00643,0.99950
5,3,0.00001,0.00059,0.14490
5,3,0.00000,0.00078,0.15370
5,3,0.00000,0.00071,0.15650
5,3,0.00002,0.00068,0.14960
6,4,0.00000,0.00084,0.31990
5,3,0.00000,0.00067,0.15520
9,5,0.00000,0.00088,0.49130
12,6,0.00001,0.00143,0.31250
5,3,0.00000,0.00080,0.16380
14,9,0.00021,0.00109,0.74960
5,3,0.00002,0.00068,0.14710
5,3,0.00000,0.00079,0.15520
9,5,0.00000,0.00118,0.53670
13,8,0.00020,0.00072,0.55880
6,4,0.00000,0.00088,0.32760
5,3,0.00000,0.00076,0.14850
5,3,0.00000,0.00065,0.15610
5,3,0.00000,0.00071,0.15810
5,3,0.00001,0.00063,0.14750
5,3,0.00000,0.00082,0.14750
5,3,0.00002,0.00064,0.14930
13,8,0.00017,0.00065,0.52330
5,3,0.00000,0.00078,0.16240
5,3,0.00000,0.00085,0.15860
5,3,0.00000,0.00072,0.15430
5,3,0.00000,0.00081,0.15440
9,5,0.00025,0.00194,0.11510
5,3,0.00000,0.00075,0.15350
5,3,0.00000,0.00072,0.15740
6,4,0.00005,0.00075,0.28230
5,3,0.00001,0.00063,0.15050
6,4,0.00005,0.00076,0.28300
6,4,0.00004,0.00073,0.28880
5,3,0.00000,0.00076,0.14990
6,4,0.00005,0.00073,0.28180
5,3,0.00000,0.00062,0.14740
5,3,0.00000,0.00074,0.15150
5,3,0.00001,0.00059,0.14510
14,9,0.00027,0.00063,0.54750
5,3,0.00005,0.00076,0.12950
5,3,0.00001,0.00055,0.14450
5,3,0.00000,0.00062,0.15010
5,3,0.00000,0.00079,0.16150
5,3,0.00000,0.00077,0.15170
5,3,0.00000,0.00092,0.14400
5,3,0.00000,0.00055,0.14270
9,5,0.00004,0.00091,0.45870
5,3,0.00001,0.00056,0.14370
6,4,0.00000,0.00075,0.30810
5,3,0.00000,0.00071,0.16000
5,3,0.00000,0.00074,0.15170
5,3,0.00000,0.00059,0.14360
5,3,0.00000,0.00067,0.15550
5,3,0.00001,0.00061,0.14880
5,3,0.00001,0.00059,0.14060
6,4,0.00004,0.00091,0.29790
5,3,0.00001,0.00070,0.15470
5,3,0.00000,0.00075,0.15330
5,3,0.00000,0.00073,0.15810
5,3,0.00000,0.00061,0.14380
5,3,0.00000,0.00072,0.15640
5,3,0.00001,0.00060,0.15090
5,3,0.00000,0.00082,0.15570
13,8,0.00137,0.00080,0.045500
5,3,0.00000,0.00076,0.15970
6,4,0.00005,0.00077,0.28080
5,3,0.00000,0.00070,0.14930
5,3,0.00000,0.00080,0.15310
5,3,0.00000,0.00075,0.15360
5,3,0.00003,0.00065,0.14830
5,3,0.00000,0.00073,0.15260
6,4,0.00007,0.00065,0.26170
5,3,0.00001,0.00057,0.14120
6,4,0.00006,0.00068,0.27150
9,5,0.00000,0.00080,0.44710
6,4,0.00005,0.00075,0.28700
9,5,0.00000,0.00081,0.46050
9,5,0.00000,0.00086,0.48010
9,5,0.00000,0.00134,0.53020
5,3,0.00001,0.00061,0.14530
5,3,0.00000,0.00078,0.15420
5,3,0.00000,0.00080,0.14970
5,3,0.00000,0.00073,0.15660
5,3,0.00000,0.00078,0.15350
5,3,0.00000,0.00081,0.14950
5,3,0.00000,0.00067,0.15020
5,3,0.00004,0.00075,0.14380
5,3,0.00001,0.00058,0.13770
6,4,0.00004,0.00073,0.29020
5,3,0.00001,0.00061,0.14540
5,3,0.00000,0.00061,0.14100
5,3,0.00005,0.00076,0.12490
5,3,0.00000,0.00078,0.14920
5,3,0.00000,0.00054,0.13680
6,4,0.00004,0.00074,0.30340
13,8,0.08908,0.00047,0.041800
5,3,0.00000,0.00076,0.15690
5,3,0.00000,0.00075,0.14910
5,3,0.00001,0.00058,0.14260
5,3,0.00000,0.00078,0.15860
5,3,0.00000,0.00057,0.13960
5,3,0.00000,0.00073,0.15090
14,14,0.00046,0.00084,0.76890
5,3,0.00000,0.00077,0.15910
5,3,0.00002,0.00074,0.14640
5,3,0.00000,0.00068,0.15480
5,3,0.00000,0.00072,0.16030
5,3,0.00001,0.00061,0.15440
5,3,0.00000,0.00081,0.15390
6,4,0.00002,0.00095,0.31140
1,2,0.00000,0.00078,0.038100
5,3,0.00001,0.00060,0.14140
12,6,0.00006,0.00263,0.24230
5,3,0.00002,0.00065,0.14300
13,8,0.00038,0.00065,0.45340
5,3,0.00000,0.00070,0.15940
6,4,0.00000,0.00068,0.13060
5,3,0.00001,0.00060,0.14210
14,14,0.00037,0.00097,0.83860
6,4,0.00034,0.00096,0.10420
6,4,0.00005,0.00074,0.28040
5,3,0.00000,0.00067,0.14840
5,3,0.00001,0.00062,0.14630
5,3,0.00002,0.00066,0.14290
9,5,0.00000,0.00116,0.53890
5,3,0.00000,0.00076,0.15330
5,3,0.00000,0.00096,0.14510
6,4,0.00004,0.00074,0.28490
9,5,0.00000,0.00105,0.52470
5,3,0.00000,0.00074,0.15900
5,3,0.00002,0.00070,0.14250
5,3,0.00000,0.00072,0.15240
5,3,0.00000,0.00074,0.15600
5,3,0.00000,0.00076,0.15970
5,3,0.00000,0.00068,0.15560
5,3,0.00002,0.00077,0.14520
5,3,0.00000,0.00079,0.16370
5,3,0.00000,0.00082,0.15660
6,4,0.00008,0.00083,0.26050
5,3,0.00001,0.00061,0.14620
5,3,0.00000,0.00069,0.15100
6,4,0.00003,0.00087,0.31120
6,4,0.00005,0.00075,0.28240
5,3,0.00000,0.00078,0.14890
6,4,0.00004,0.00087,0.29800
5,3,0.00000,0.00076,0.15200
5,3,0.00000,0.00078,0.15030
5,3,0.00001,0.00062,0.14740
5,3,0.00000,0.00076,0.16090
5,3,0.00004,0.00075,0.13710
5,3,0.00000,0.00072,0.15580
5,3,0.00000,0.00063,0.14740
5,3,0.00000,0.00076,0.15690
5,3,0.00000,0.00066,0.15950
5,3,0.00005,0.00076,0.13430
9,5,0.00000,0.00074,0.42750
9,5,0.00007,0.00071,0.38730
13,7,0.00014,0.00172,0.55860
13,7,0.00007,0.00059,0.38260
5,3,0.00000,0.00067,0.15580
5,3,0.00001,0.00059,0.13910
6,4,0.00004,0.00091,0.29580
14,30,0.00071,0.00054,0.83850
9,5,0.00000,0.00121,0.53650
5,3,0.00000,0.00080,0.15810
5,3,0.00000,0.00058,0.14620
5,3,0.00000,0.00069,0.15410
6,4,0.00001,0.00089,0.31860
5,3,0.00001,0.00058,0.14100
6,4,0.00006,0.00079,0.27680
14,10,0.00031,0.00070,0.63160
5,3,0.00000,0.00062,0.15010
5,3,0.00001,0.00056,0.14250
5,3,0.00000,0.00059,0.15010
5,3,0.00000,0.00070,0.15160
5,3,0.00000,0.00079,0.14920
5,3,0.00000,0.00060,0.14330
5,3,0.00000,0.00078,0.14470
5,3,0.00000,0.00076,0.15060
5,3,0.00001,0.00057,0.13960
6,4,0.00035,0.00075,0.12730
5,3,0.00000,0.00087,0.14230
6,4,0.00004,0.00074,0.28770
5,3,0.00003,0.00072,0.14490
9,5,0.00000,0.00119,0.53530
9,5,0.00000,0.00086,0.47850
5,3,0.00000,0.00074,0.15090
5,3,0.00001,0.00054,0.13540
5,3,0.00001,0.00067,0.14890
5,3,0.00000,0.00082,0.14840
6,4,0.00036,0.00098,0.10420
5,3,0.00001,0.00060,0.14320
6,4,0.00004,0.00072,0.28580
5,3,0.00000,0.00056,0.14050
14,9,0.00019,0.00088,0.70200
5,3,0.00004,0.00092,0.12810
5,3,0.00000,0.00077,0.15220
5,3,0.00000,0.00061,0.14490
13,8,0.00020,0.00065,0.55190
6,4,0.00000,0.00085,0.32890
5,3,0.00000,0.00094,0.15010
5,3,0.00001,0.00063,0.14480
5,3,0.00000,0.00088,0.15570
5,3,0.00001,0.00061,0.15010
9,5,0.00000,0.00087,0.48580
9,5,0.00000,0.00115,0.52690
5,3,0.00001,0.00062,0.14350
9,5,0.00006,0.00077,0.42130
5,3,0.00000,0.00096,0.14800
9,5,0.00000,0.00078,0.44760
5,3,0.00000,0.00078,0.15050
12,6,0.00006,0.00078,0.48560
5,3,0.00001,0.00058,0.14470
5,3,0.00000,0.00070,0.15650
5,3,0.00000,0.00055,0.14100
5,3,0.00000,0.00073,0.15680
9,5,0.00000,0.00109,0.53130
14,20,0.00055,0.00101,0.88630
5,3,0.00000,0.00081,0.15060
5,3,0.00001,0.00061,0.15360
5,3,0.00000,0.00081,0.15110
5,3,0.00001,0.00059,0.14470
5,3,0.00001,0.00064,0.14370
5,3,0.00000,0.00069,0.16130
5,3,0.00000,0.00067,0.15360
5,3,0.00003,0.00070,0.14260
1,2,0.00000,0.00089,0.033400
5,3,0.00000,0.00077,0.15310
6,4,0.00000,0.00245,0.086000
5,3,0.00002,0.00066,0.14410
14,10,0.00090,0.00112,0.10880
5,3,0.00000,0.00071,0.15750
5,3,0.00000,0.00085,0.15360
5,3,0.00000,0.00077,0.15300
5,3,0.00001,0.00067,0.14710
9,5,0.00000,0.00095,0.51230
5,3,0.00000,0.00098,0.14430
5,3,0.00000,0.00094,0.14700
13,7,0.00014,0.00178,0.54450
5,3,0.00001,0.00057,0.14720
9,5,0.00000,0.00119,0.53460
5,3,0.00000,0.00073,0.15200
5,3,0.00000,0.00063,0.15480
5,3,0.00001,0.00054,0.13940
13,8,0.00030,0.00058,0.47320
5,3,0.00001,0.00058,0.14190
5,3,0.00002,0.00065,0.15270
5,3,0.00000,0.00062,0.14400
5,3,0.00000,0.00065,0.15100
5,3,0.00000,0.00078,0.15280
5,3,0.00001,0.00058,0.13880
5,3,0.00000,0.00078,0.15170
5,3,0.00000,0.00071,0.15580
5,3,0.00000,0.00113,0.12270
5,3,0.00001,0.00062,0.14300
5,3,0.00004,0.00072,0.14290
9,5,0.00000,0.00117,0.53280
5,3,0.00000,0.00067,0.14880
5,3,0.00001,0.00066,0.14860
5,3,0.00000,0.00065,0.14790
5,3,0.00000,0.00071,0.15390
5,3,0.00000,0.00070,0.15040
9,5,0.00004,0.00245,0.20790
6,4,0.00004,0.00073,0.28980
5,3,0.00001,0.00060,0.14720
12,6,0.00000,0.00048,0.010300
5,3,0.00001,0.00062,0.14560
5,3,0.00000,0.00078,0.16270
5,3,0.00001,0.00058,0.13890
5,3,0.00001,0.00060,0.14380
5,3,0.00001,0.00061,0.14290
5,3,0.00001,0.00061,0.14320
5,3,0.00001,0.00058,0.14580
9,5,0.00000,0.00073,0.41890
5,3,0.00000,0.00074,0.15130
5,3,0.00000,0.00069,0.15970
5,3,0.00001,0.00062,0.14390
5,3,0.00000,0.00059,0.14320
5,3,0.00000,0.00073,0.15290
5,3,0.00000,0.00071,0.15580
9,5,0.00000,0.00112,0.53200
5,3,0.00002,0.00066,0.14470
5,3,0.00000,0.00076,0.15250
5,3,0.00000,0.00072,0.15360
1,2,0.00000,0.00050,0.041100
1,2,0.00000,0.00070,0.041500
5,3,0.00000,0.00075,0.15220
9,5,0.00000,0.00100,0.51860
5,3,0.00001,0.00063,0.13820
5,3,0.00000,0.00060,0.14500
5,3,0.00001,0.00058,0.14470
5,3,0.00001,0.00054,0.13390
5,3,0.00001,0.00060,0.14460
5,3,0.00000,0.00053,0.13420
5,3,0.00000,0.00075,0.15570
13,7,0.00012,0.00069,0.50100
5,3,0.00000,0.00083,0.15280
5,3,0.00005,0.00075,0.12980
13,8,0.00027,0.00050,0.44100
6,4,0.00005,0.00077,0.28910
5,3,0.00000,0.00065,0.15300
5,3,0.00001,0.00060,0.13900
6,4,0.00006,0.00077,0.27520
5,3,0.00002,0.00067,0.14070
6,4,0.00000,0.00242,0.084800
5,3,0.00001,0.00060,0.15280
5,3,0.00000,0.00078,0.15900
13,7,0.00005,0.00095,0.62730
5,3,0.00001,0.00063,0.15260
5,3,0.00001,0.00061,0.14310
9,5,0.00000,0.00104,0.53640
6,4,0.00006,0.00078,0.27840
5,3,0.00002,0.00068,0.15010
5,3,0.00000,0.00074,0.15740
6,4,0.00005,0.00074,0.27980
6,4,0.00024,0.00092,0.16490
6,4,0.00004,0.00073,0.28760
5,3,0.00000,0.00076,0.15390
13,8,0.08834,0.00047,0.041700
5,3,0.00000,0.00077,0.15630
5,3,0.00000,0.00074,0.15480
5,3,0.00001,0.00061,0.14340
15,12,0.00024,0.00180,0.94020
5,3,0.00002,0.00067,0.14670
5,3,0.00000,0.00093,0.14270
5,3,0.00000,0.00077,0.16100
1,2,0.00000,0.00083,0.037100
5,3,0.00000,0.00077,0.15830
6,4,0.00005,0.00074,0.28370
5,3,0.00000,0.00065,0.15400
9,5,0.00000,0.00083,0.39810
5,3,0.00000,0.00060,0.14320
5,3,0.00000,0.00071,0.15370
5,3,0.00001,0.00061,0.14880
6,4,0.00031,0.00095,0.11670
5,3,0.00000,0.00073,0.15150
5,3,0.00000,0.00081,0.15590
5,3,0.00000,0.00077,0.15380
5,3,0.00000,0.00075,0.14900
5,3,0.00000,0.00070,0.15120
5,3,0.00001,0.00059,0.14640
5,3,0.00003,0.00070,0.15250
5,3,0.00000,0.00076,0.15360
15,20,0.00032,0.00502,0.99930
5,3,0.00002,0.00069,0.14110
5,3,0.00000,0.00081,0.15460
5,3,0.00001,0.00059,0.14350
5,3,0.00002,0.00064,0.14260
5,3,0.00000,0.00089,0.14580
5,3,0.00000,0.00075,0.15590
5,3,0.00001,0.00075,0.14810
5,3,0.00001,0.00062,0.14940
12,6,0.00040,0.00046,0.25880
5,3,0.00000,0.00088,0.15690
5,3,0.00001,0.00059,0.14500
5,3,0.00000,0.00071,0.14960
9,5,0.00000,0.00121,0.53740
13,8,0.00022,0.00069,0.54260
5,3,0.00000,0.00072,0.16000
5,3,0.00000,0.00078,0.15690
6,4,0.00034,0.00096,0.10910
6,4,0.00007,0.00079,0.28000
6,4,0.00004,0.00086,0.30350
9,5,0.00000,0.00090,0.48720
5,3,0.00001,0.00059,0.15050
12,6,0.00008,0.00130,0.54330
5,3,0.00002,0.00067,0.14280
6,4,0.00005,0.00074,0.28740
5,3,0.00000,0.00076,0.15050
5,3,0.00000,0.00056,0.13500
5,3,0.00001,0.00054,0.14230
9,5,0.00000,0.00067,0.39030
5,3,0.00001,0.00064,0.14610
9,5,0.00005,0.00097,0.46180
9,5,0.00000,0.00082,0.46620
5,3,0.00000,0.00086,0.15190
6,4,0.00009,0.00073,0.26260
5,3,0.00000,0.00056,0.14300
9,5,0.00006,0.00066,0.38380
5,3,0.00000,0.00071,0.15700
5,3,0.00000,0.00070,0.16200
5,3,0.00000,0.00064,0.15360
5,3,0.00003,0.00067,0.14470
5,3,0.00000,0.00080,0.15670
5,3,0.00002,0.00069,0.14580
6,4,0.00004,0.00073,0.28640
5,3,0.00001,0.00060,0.13960
5,3,0.00001,0.00059,0.14310
5,3,0.00001,0.00059,0.13360
14,14,0.00035,0.00098,0.83290
6,4,0.00006,0.00076,0.27320
5,3,0.00002,0.00065,0.14580
6,4,0.00005,0.00069,0.27040
13,8,0.00024,0.00061,0.48800
5,3,0.00001,0.00059,0.14380
5,3,0.00000,0.00067,0.15490
5,3,0.00000,0.00098,0.14920
6,4,0.00006,0.00078,0.28040
5,3,0.00000,0.00077,0.15330
5,3,0.00000,0.00066,0.15860
9,5,0.00005,0.00095,0.45690
6,4,0.00005,0.00073,0.28060
6,4,0.00004,0.00076,0.28510
6,4,0.00004,0.00076,0.27590
5,3,0.00002,0.00066,0.14970
5,3,0.00000,0.00061,0.15040
5,3,0.00003,0.00072,0.14180
6,4,0.00003,0.00084,0.29840
5,3,0.00001,0.00079,0.15090
5,3,0.00001,0.00058,0.14100
5,3,0.00001,0.00060,0.14620
6,4,0.00004,0.00076,0.28830
5,3,0.00005,0.00076,0.13870
5,3,0.00000,0.00066,0.15990
5,3,0.00002,0.00070,0.14610
5,3,0.00000,0.00075,0.16470
5,3,0.00001,0.00059,0.14350
5,3,0.00000,0.00081,0.15510
5,3,0.00000,0.00067,0.15200
5,3,0.00001,0.00057,0.14580
9,5,0.00007,0.00078,0.41580
14,9,0.00026,0.00065,0.55730
6,4,0.00001,0.00083,0.32400
1,2,0.00000,0.00088,0.036800
5,3,0.00000,0.00069,0.15020
5,3,0.00000,0.00075,0.15940
5,3,0.00000,0.00076,0.15550
5,3,0.00001,0.00058,0.13600
6,4,0.00000,0.00079,0.32780
5,3,0.00001,0.00060,0.14730
5,3,0.00001,0.00059,0.14850
5,3,0.00006,0.00077,0.13100
6,4,0.00005,0.00080,0.28740
9,5,0.00000,0.00116,0.53560
5,3,0.00002,0.00064,0.14630
5,3,0.00003,0.00066,0.14540
6,4,0.00007,0.00083,0.27290
9,5,0.00000,0.00117,0.53890
5,3,0.00000,0.00076,0.15720
5,3,0.00000,0.00078,0.15430
5,3,0.00003,0.00071,0.14670
